scan_date,org_name,total_scans,new_leads,avg_confidence,avg_processing_time
2026-05-05,Zephyr Brands,12,6,0.8942,1207.16
2026-05-05,Zenith Platforms,6,4,0.9628,419.5
2026-05-05,Yellowstone Holdings,113,60,0.9464,1096.32
2026-05-05,Yellowbrick Data,29,22,0.8658,1024.27
2026-05-05,Xcelerate Corp,17,10,0.8846,1207.88
2026-05-05,Xceed Consulting,230,190,0.8328,1478.72
2026-05-05,Visionary Works,269,208,0.8315,812.03
2026-05-05,Velocity Works,14,10,0.712,1072.61
2026-05-05,Uplift Agency,13,7,0.88,88.23
2026-05-05,Unified Brands,350,241,0.9711,885.97
2026-05-05,TrueNorth Strategies,8,5,0.6675,1580.37
2026-05-05,Trident Analytics,16,9,0.7527,828.59
2026-05-05,Sunstone Ventures,148,111,0.982,932.11
2026-05-05,Silverline Agency,120,81,0.8754,1637.19
2026-05-05,Resonance Media,35,29,0.6955,275.87
2026-05-05,Radiant Networks,98,49,0.8696,529.01
2026-05-05,Quickset Digital,303,240,0.7822,1053.17
2026-05-05,Pinnacle Enterprises,306,174,0.9542,948.44
2026-05-05,Paragon Systems,660,346,0.8929,657.2
2026-05-05,Openwave Solutions,15,10,0.8966,787.09
2026-05-05,NovaStar Group,298,235,0.8102,599.27
2026-05-05,Nexus Digital,129,85,0.9873,1636.46
2026-05-05,Mercer & Co,109,56,0.7436,305.34
2026-05-05,Maverick Labs,3,1,0.7349,1281.07
2026-05-05,Luminary Group,84,50,0.6556,629.01
2026-05-05,Landmark Advisory,75,43,0.68,1398.72
2026-05-05,Kinetic Partners,14,8,0.8582,1432.52
2026-05-05,Keystone Partners,26,16,0.8242,1003.58
2026-05-05,Juno Retail,12,6,0.9619,751.3
2026-05-05,Jetstream Labs,84,45,0.886,1536.48
2026-05-05,Ironclad Systems,74,55,0.8429,1342.35
2026-05-05,Insightful AI,27,15,0.9411,996.68
2026-05-05,Horizon Advisors,4,3,0.9565,1150.8
2026-05-05,Highline Media,109,73,0.7281,1296.0
2026-05-05,HighGround Tech,32,18,0.9128,573.85
2026-05-05,GrowthEdge Partners,197,152,0.9047,434.25
2026-05-05,Greenfield Ops,144,87,0.9085,600.43
2026-05-05,Granite Global,4,2,0.7899,594.84
2026-05-05,FrontEdge Technologies,25,19,0.9015,1000.52
2026-05-05,Forte Solutions,26,17,0.8512,1730.84
2026-05-05,Fairway Technologies,92,74,0.9007,682.79
2026-05-05,Endeavor Inc,91,59,0.707,1025.0
2026-05-05,Elevate Commerce,21,10,0.938,1652.66
2026-05-05,Delta Dynamics,344,165,0.8729,1089.99
2026-05-05,Deeproot Analytics,44,37,0.8922,1297.58
2026-05-05,Crestline Corp,9,7,0.8386,915.83
2026-05-05,Clearpath Advisors,89,54,0.8821,586.02
2026-05-05,Cascade Analytics,231,118,0.7118,1336.9
2026-05-05,Brighthouse Group,272,223,0.818,1416.77
2026-05-05,Bridgepoint Co,6,4,0.987,584.54
2026-05-05,BluePeak Ventures,120,99,0.81,170.81
2026-05-05,Arcadia Capital,53,44,0.7019,1303.5
2026-05-05,Apex Solutions,19,11,0.8584,1041.48
2026-05-05,Altus Group,135,70,0.9365,596.11
2026-05-04,Zephyr Brands,25,21,0.9741,302.55
2026-05-04,Zenith Platforms,5,2,0.8932,582.51
2026-05-04,Yellowstone Holdings,41,30,0.8695,976.63
2026-05-04,Yellowbrick Data,45,24,0.7046,892.28
2026-05-04,Xceed Consulting,215,168,0.6615,307.72
2026-05-04,Westmark Corp,28,13,0.7335,162.54
2026-05-04,Visionary Works,201,149,0.8213,241.26
2026-05-04,Velocity Works,26,22,0.9383,764.49
2026-05-04,Uplift Agency,12,6,0.8314,1425.95
2026-05-04,Unified Brands,423,380,0.8128,594.12
2026-05-04,TrueNorth Strategies,8,5,0.7112,697.38
2026-05-04,Trident Analytics,30,14,0.7398,944.02
2026-05-04,Sunstone Ventures,70,38,0.9812,1341.92
2026-05-04,Silverline Agency,120,97,0.8067,1039.5
2026-05-04,Resonance Media,22,14,0.9111,141.39
2026-05-04,Radiant Networks,80,54,0.943,907.08
2026-05-04,Quickset Digital,269,179,0.7949,1141.74
2026-05-04,Pinnacle Enterprises,267,128,0.9314,602.71
2026-05-04,Paragon Systems,925,828,0.7221,277.73
2026-05-04,Orbit Consulting,15,9,0.6887,266.94
2026-05-04,Openwave Solutions,15,11,0.8928,1398.26
2026-05-04,NovaStar Group,282,249,0.9863,1410.93
2026-05-04,Nexus Digital,161,137,0.7348,1104.1
2026-05-04,Mercer & Co,1,0,0.8548,1051.35
2026-05-04,Maverick Labs,4,3,0.8351,226.29
2026-05-04,Luminary Group,128,76,0.9069,1329.82
2026-05-04,Landmark Advisory,134,117,0.6579,1357.91
2026-05-04,Kinetic Partners,13,10,0.7289,1484.83
2026-05-04,Keystone Partners,57,46,0.7009,938.69
2026-05-04,Juno Retail,16,11,0.6513,956.1
2026-05-04,Jetstream Labs,67,52,0.8126,1193.65
2026-05-04,Ironclad Systems,91,74,0.72,1678.26
2026-05-04,Insightful AI,37,24,0.9121,192.94
2026-05-04,Horizon Advisors,4,3,0.6587,698.79
2026-05-04,Highline Media,55,28,0.9543,1499.24
2026-05-04,HighGround Tech,30,14,0.9311,601.62
2026-05-04,GrowthEdge Partners,286,154,0.8901,1196.07
2026-05-04,Greenfield Ops,172,148,0.9664,1133.17
2026-05-04,Granite Global,3,2,0.859,364.81
2026-05-04,FrontEdge Technologies,32,27,0.6992,1182.53
2026-05-04,Fairway Technologies,68,52,0.8536,1704.33
2026-05-04,EverBright Inc,4,3,0.6859,1445.54
2026-05-04,Endeavor Inc,45,31,0.7243,1373.22
2026-05-04,Elevate Commerce,26,20,0.7259,796.79
2026-05-04,Delta Dynamics,305,229,0.9407,576.01
2026-05-04,Deeproot Analytics,102,52,0.712,222.37
2026-05-04,Dawnbreak Studios,18,9,0.923,667.7
2026-05-04,Crestline Corp,7,3,0.9632,1580.98
2026-05-04,Clearpath Advisors,183,107,0.8606,266.9
2026-05-04,Cascade Analytics,280,144,0.8828,674.34
2026-05-04,Brighthouse Group,233,172,0.8075,263.18
2026-05-04,Bridgepoint Co,9,7,0.9412,1597.68
2026-05-04,BluePeak Ventures,105,76,0.8071,189.88
2026-05-04,Arcadia Capital,58,48,0.6979,1164.01
2026-05-04,Apex Solutions,27,21,0.8918,517.8
2026-05-04,Altus Group,180,128,0.703,1448.65
2026-05-03,Zephyr Brands,26,15,0.8623,1489.07
2026-05-03,Yellowstone Holdings,36,27,0.8775,1143.45
2026-05-03,Yellowbrick Data,18,12,0.8967,459.42
2026-05-03,Xceed Consulting,200,96,0.8755,1372.5
2026-05-03,Westmark Corp,15,10,0.8709,340.55
2026-05-03,Wavefront Media,1,0,0.8655,1070.76
2026-05-03,Visionary Works,149,78,0.6928,240.45
2026-05-03,Velocity Works,7,4,0.7421,124.36
2026-05-03,Uplift Agency,4,2,0.8828,1737.66
2026-05-03,Unified Brands,174,127,0.7888,408.81
2026-05-03,TrueNorth Strategies,1,0,0.6891,468.64
2026-05-03,Trident Analytics,16,12,0.8602,904.88
2026-05-03,Sunstone Ventures,58,32,0.7994,684.23
2026-05-03,Silverline Agency,2,1,0.8356,1047.73
2026-05-03,Resonance Media,8,6,0.9379,1233.22
2026-05-03,Radiant Networks,40,18,0.9321,215.62
2026-05-03,Quickset Digital,215,160,0.7411,377.18
2026-05-03,Quantum Leap Ltd,1,0,0.9884,421.08
2026-05-03,Pinnacle Enterprises,84,45,0.951,1455.6
2026-05-03,Paragon Systems,373,269,0.7147,1637.82
2026-05-03,NovaStar Group,92,46,0.6764,757.01
2026-05-03,Nexus Digital,109,61,0.9889,701.04
2026-05-03,Mercer & Co,325,166,0.8459,1648.73
2026-05-03,Maverick Labs,2,1,0.7923,1554.69
2026-05-03,Luminary Group,30,22,0.7774,460.76
2026-05-03,Landmark Advisory,45,39,0.9308,92.99
2026-05-03,Kinetic Partners,4,3,0.809,1153.66
2026-05-03,Keystone Partners,23,12,0.946,807.08
2026-05-03,Juno Retail,12,10,0.8673,816.28
2026-05-03,Jetstream Labs,24,16,0.6538,296.38
2026-05-03,Ironclad Systems,48,30,0.6988,1335.5
2026-05-03,Insightful AI,21,15,0.8773,411.9
2026-05-03,Horizon Advisors,1,0,0.9711,786.93
2026-05-03,Highline Media,1,0,0.7306,142.64
2026-05-03,HighGround Tech,34,29,0.834,746.01
2026-05-03,GrowthEdge Partners,88,66,0.6978,378.02
2026-05-03,Greenfield Ops,65,59,0.6904,393.23
2026-05-03,Granite Global,2,1,0.8157,899.58
2026-05-03,FrontEdge Technologies,12,9,0.671,817.96
2026-05-03,Fairway Technologies,17,10,0.7009,1172.46
2026-05-03,Endeavor Inc,40,33,0.9367,1053.11
2026-05-03,Elevate Commerce,9,4,0.73,633.62
2026-05-03,Delta Dynamics,80,41,0.816,315.31
2026-05-03,Deeproot Analytics,33,26,0.6653,1307.0
2026-05-03,Dawnbreak Studios,13,7,0.6876,96.15
2026-05-03,Crestline Corp,3,1,0.9448,1346.48
2026-05-03,Clearpath Advisors,84,49,0.8007,1681.67
2026-05-03,Cascade Analytics,129,88,0.6609,568.94
2026-05-03,Brighthouse Group,97,75,0.7757,1528.66
2026-05-03,BluePeak Ventures,56,45,0.7796,1527.8
2026-05-03,Arcadia Capital,61,41,0.7743,903.4
2026-05-03,Apex Solutions,8,5,0.9844,1302.48
2026-05-03,Altus Group,102,48,0.9465,431.74
2026-05-02,Zephyr Brands,26,14,0.7723,1619.26
2026-05-02,Zenith Platforms,1,0,0.9517,375.45
2026-05-02,Yellowstone Holdings,58,31,0.6534,506.03
2026-05-02,Yellowbrick Data,17,9,0.7347,342.52
2026-05-02,Xcelerate Corp,4,2,0.9112,1614.52
2026-05-02,Xceed Consulting,255,233,0.8658,400.32
2026-05-02,Westmark Corp,10,8,0.8086,428.37
2026-05-02,Visionary Works,88,70,0.7825,117.37
2026-05-02,Velocity Works,13,8,0.672,1210.44
2026-05-02,Uplift Agency,8,5,0.9411,101.26
2026-05-02,Unified Brands,177,87,0.729,452.3
2026-05-02,Trident Analytics,11,8,0.8585,1517.4
2026-05-02,Sunstone Ventures,47,35,0.884,1674.09
2026-05-02,Silverline Agency,71,38,0.7628,953.14
2026-05-02,Resonance Media,10,7,0.9663,600.93
2026-05-02,Radiant Networks,16,8,0.7937,582.02
2026-05-02,Quickset Digital,121,89,0.7385,1420.43
2026-05-02,Quantum Leap Ltd,1,0,0.6698,218.67
2026-05-02,Pinnacle Enterprises,161,106,0.6559,604.03
2026-05-02,Paragon Systems,161,124,0.9299,934.29
2026-05-02,Orbit Consulting,7,6,0.8464,403.74
2026-05-02,Openwave Solutions,10,8,0.7335,151.79
2026-05-02,NovaStar Group,176,93,0.9357,1314.43
2026-05-02,Nexus Digital,16,13,0.7205,727.49
2026-05-02,Mercer & Co,100,47,0.6991,921.59
2026-05-02,Maverick Labs,2,1,0.821,528.04
2026-05-02,Luminary Group,44,27,0.7499,1026.28
2026-05-02,Landmark Advisory,63,44,0.7116,1479.85
2026-05-02,Kinetic Partners,2,1,0.6667,717.35
2026-05-02,Keystone Partners,33,17,0.6983,638.81
2026-05-02,Juno Retail,2,1,0.9581,1680.07
2026-05-02,Jetstream Labs,24,12,0.7441,645.83
2026-05-02,Ironclad Systems,39,34,0.9696,411.61
2026-05-02,Insightful AI,21,16,0.9334,546.68
2026-05-02,Horizon Advisors,1,0,0.8924,155.97
2026-05-02,Highline Media,82,66,0.7409,94.79
2026-05-02,HighGround Tech,13,10,0.9065,348.66
2026-05-02,GrowthEdge Partners,132,115,0.9791,389.83
2026-05-02,Greenfield Ops,100,80,0.9443,1397.6
2026-05-02,FrontEdge Technologies,20,16,0.8253,813.91
2026-05-02,Forte Solutions,8,6,0.8743,1414.65
2026-05-02,Fairway Technologies,10,8,0.8433,918.92
2026-05-02,Endeavor Inc,53,28,0.8496,703.76
2026-05-02,Elevate Commerce,2,1,0.7877,853.93
2026-05-02,Delta Dynamics,69,40,0.8018,772.75
2026-05-02,Deeproot Analytics,17,8,0.875,553.25
2026-05-02,Dawnbreak Studios,8,6,0.966,944.63
2026-05-02,Crestline Corp,1,0,0.7033,1403.74
2026-05-02,Clearpath Advisors,108,73,0.737,257.04
2026-05-02,Cascade Analytics,82,75,0.8161,87.04
2026-05-02,Brighthouse Group,74,42,0.7812,1584.42
2026-05-02,Bridgepoint Co,4,1,0.7332,903.55
2026-05-02,BluePeak Ventures,145,91,0.6511,1600.83
2026-05-02,Arcadia Capital,51,43,0.7606,1468.21
2026-05-02,Apex Solutions,14,7,0.8303,1412.44
2026-05-02,Altus Group,90,59,0.9565,1217.45
2026-05-01,Zephyr Brands,17,8,0.6726,1084.39
2026-05-01,Zenith Platforms,4,3,0.7556,572.78
2026-05-01,Yellowstone Holdings,81,59,0.9472,1485.13
2026-05-01,Yellowbrick Data,47,41,0.8832,920.33
2026-05-01,Xcelerate Corp,11,7,0.8555,461.83
2026-05-01,Xceed Consulting,155,123,0.769,506.55
2026-05-01,Westmark Corp,18,8,0.7076,1326.65
2026-05-01,Visionary Works,262,118,0.9627,990.3
2026-05-01,Velocity Works,16,11,0.8629,1063.37
2026-05-01,Uplift Agency,17,9,0.6858,1619.45
2026-05-01,Unified Brands,153,121,0.971,1001.0
2026-05-01,TrueNorth Strategies,10,7,0.9247,537.23
2026-05-01,Trident Analytics,48,26,0.7242,506.35
2026-05-01,Sunstone Ventures,101,79,0.7595,1251.26
2026-05-01,Silverline Agency,268,146,0.9566,398.59
2026-05-01,Resonance Media,20,17,0.8725,1434.29
2026-05-01,Radiant Networks,82,44,0.7095,1227.42
2026-05-01,Quickset Digital,488,332,0.6564,1518.53
2026-05-01,Pinnacle Enterprises,352,214,0.7303,1188.89
2026-05-01,Paragon Systems,594,469,0.6545,478.32
2026-05-01,Orbit Consulting,17,9,0.9117,1564.99
2026-05-01,NovaStar Group,432,373,0.7654,1227.92
2026-05-01,Nexus Digital,144,118,0.9009,385.82
2026-05-01,Mercer & Co,308,145,0.7803,171.89
2026-05-01,Luminary Group,78,38,0.6709,916.62
2026-05-01,Landmark Advisory,117,95,0.9782,1031.65
2026-05-01,Kinetic Partners,11,6,0.6546,934.31
2026-05-01,Keystone Partners,43,29,0.9315,1089.34
2026-05-01,Juno Retail,14,12,0.8391,442.71
2026-05-01,Jetstream Labs,52,34,0.9867,568.22
2026-05-01,Ironclad Systems,100,59,0.7591,1334.78
2026-05-01,Insightful AI,38,20,0.7022,1269.02
2026-05-01,Horizon Advisors,5,2,0.8563,441.31
2026-05-01,Highline Media,175,141,0.7416,337.2
2026-05-01,HighGround Tech,26,21,0.7782,511.41
2026-05-01,GrowthEdge Partners,298,239,0.9789,999.06
2026-05-01,Greenfield Ops,142,72,0.9036,663.66
2026-05-01,Granite Global,4,3,0.8436,277.68
2026-05-01,FrontEdge Technologies,25,14,0.7592,536.12
2026-05-01,Forte Solutions,20,17,0.877,367.35
2026-05-01,Fairway Technologies,63,42,0.9723,1188.61
2026-05-01,Endeavor Inc,93,77,0.8685,457.5
2026-05-01,Elevate Commerce,21,9,0.8715,144.51
2026-05-01,Delta Dynamics,353,190,0.6529,1138.78
2026-05-01,Deeproot Analytics,146,78,0.8805,992.42
2026-05-01,Dawnbreak Studios,23,20,0.9675,1568.27
2026-05-01,Crestline Corp,4,3,0.8534,1595.03
2026-05-01,Clearpath Advisors,133,61,0.7663,1237.99
2026-05-01,Cascade Analytics,355,249,0.9581,914.43
2026-05-01,Brighthouse Group,351,213,0.884,1642.06
2026-05-01,Bridgepoint Co,9,5,0.8294,256.32
2026-05-01,BluePeak Ventures,238,111,0.8199,1465.86
2026-05-01,Arcadia Capital,126,73,0.979,573.74
2026-05-01,Apex Solutions,16,11,0.8182,1203.7
2026-05-01,Altus Group,230,196,0.6742,1576.47
2026-04-30,Zephyr Brands,9,7,0.9251,522.14
2026-04-30,Yellowstone Holdings,97,68,0.7237,1460.6
2026-04-30,Yellowbrick Data,27,24,0.8643,1326.0
2026-04-30,Xcelerate Corp,18,15,0.669,700.86
2026-04-30,Xceed Consulting,161,145,0.8114,1185.76
2026-04-30,Visionary Works,398,191,0.9159,123.85
2026-04-30,Velocity Works,19,9,0.7089,1067.63
2026-04-30,Uplift Agency,15,11,0.7755,1241.1
2026-04-30,Unified Brands,330,169,0.6822,837.92
2026-04-30,TrueNorth Strategies,13,11,0.6728,1623.39
2026-04-30,Trident Analytics,34,16,0.7221,1713.88
2026-04-30,Sunstone Ventures,106,54,0.7531,88.21
2026-04-30,Silverline Agency,216,131,0.9022,366.09
2026-04-30,Resonance Media,22,19,0.8204,315.75
2026-04-30,Radiant Networks,68,39,0.8577,152.64
2026-04-30,Quickset Digital,281,175,0.9834,355.94
2026-04-30,Pinnacle Enterprises,261,163,0.6509,680.43
2026-04-30,Paragon Systems,259,177,0.831,1649.0
2026-04-30,Orbit Consulting,9,6,0.9805,763.18
2026-04-30,Openwave Solutions,24,13,0.6622,1451.5
2026-04-30,NovaStar Group,285,253,0.9385,480.86
2026-04-30,Nexus Digital,83,68,0.7917,756.68
2026-04-30,Mercer & Co,637,457,0.7009,764.98
2026-04-30,Maverick Labs,2,1,0.6708,1533.25
2026-04-30,Luminary Group,135,88,0.6984,352.57
2026-04-30,Landmark Advisory,147,116,0.6773,940.55
2026-04-30,Kinetic Partners,12,8,0.9748,168.22
2026-04-30,Keystone Partners,46,31,0.9815,472.69
2026-04-30,Juno Retail,10,4,0.7657,258.21
2026-04-30,Jetstream Labs,71,32,0.8562,912.47
2026-04-30,Ironclad Systems,147,134,0.691,1318.83
2026-04-30,Insightful AI,27,20,0.7874,248.71
2026-04-30,Horizon Advisors,6,5,0.8156,511.11
2026-04-30,Highline Media,137,77,0.7491,529.08
2026-04-30,HighGround Tech,28,18,0.9323,1706.65
2026-04-30,GrowthEdge Partners,252,135,0.6604,1155.05
2026-04-30,Greenfield Ops,182,92,0.8098,1142.37
2026-04-30,FrontEdge Technologies,24,21,0.7176,91.62
2026-04-30,Fairway Technologies,37,26,0.922,555.49
2026-04-30,Endeavor Inc,104,69,0.7225,649.17
2026-04-30,Elevate Commerce,15,10,0.9398,289.1
2026-04-30,Delta Dynamics,371,329,0.9463,1433.4
2026-04-30,Deeproot Analytics,49,36,0.838,705.94
2026-04-30,Dawnbreak Studios,19,11,0.9779,154.69
2026-04-30,Crestline Corp,9,5,0.893,289.81
2026-04-30,Clearpath Advisors,305,201,0.9404,508.17
2026-04-30,Cascade Analytics,216,173,0.7199,348.77
2026-04-30,Brighthouse Group,148,105,0.9784,1696.87
2026-04-30,Bridgepoint Co,10,7,0.8668,296.26
2026-04-30,BluePeak Ventures,98,48,0.9625,1334.24
2026-04-30,Arcadia Capital,91,82,0.8555,1704.3
2026-04-30,Apex Solutions,26,15,0.9243,1566.57
2026-04-30,Altus Group,243,156,0.7942,690.18
2026-04-29,Zephyr Brands,26,15,0.7593,1558.63
2026-04-29,Zenith Platforms,4,3,0.9652,392.96
2026-04-29,Yellowstone Holdings,111,53,0.7318,1585.21
2026-04-29,Yellowbrick Data,58,37,0.7594,515.72
2026-04-29,Xceed Consulting,326,198,0.8873,895.74
2026-04-29,Westmark Corp,31,15,0.8155,1561.08
2026-04-29,Visionary Works,136,95,0.9807,279.66
2026-04-29,Uplift Agency,17,9,0.9558,1128.87
2026-04-29,Unified Brands,429,327,0.8145,1089.04
2026-04-29,TrueNorth Strategies,9,6,0.8211,1100.96
2026-04-29,Trident Analytics,22,18,0.9378,326.52
2026-04-29,Sunstone Ventures,109,96,0.8033,418.27
2026-04-29,Silverline Agency,272,212,0.9782,997.77
2026-04-29,Resonance Media,35,29,0.7446,806.65
2026-04-29,Radiant Networks,78,42,0.7815,1310.6
2026-04-29,Quickset Digital,122,97,0.8706,1381.64
2026-04-29,Quantum Leap Ltd,2,1,0.8176,1393.73
2026-04-29,Pinnacle Enterprises,266,196,0.824,1481.33
2026-04-29,Paragon Systems,567,359,0.6904,241.38
2026-04-29,Orbit Consulting,14,7,0.8276,652.97
2026-04-29,Openwave Solutions,18,15,0.7559,651.78
2026-04-29,NovaStar Group,212,124,0.7012,658.8
2026-04-29,Nexus Digital,159,138,0.8378,774.2
2026-04-29,Mercer & Co,352,201,0.898,674.22
2026-04-29,Maverick Labs,5,4,0.7674,823.87
2026-04-29,Luminary Group,79,61,0.7545,1595.91
2026-04-29,Landmark Advisory,85,63,0.8156,1173.79
2026-04-29,Kinetic Partners,8,7,0.6786,396.0
2026-04-29,Keystone Partners,31,23,0.6952,1050.31
2026-04-29,Juno Retail,16,10,0.9265,551.39
2026-04-29,Jetstream Labs,89,66,0.6636,1729.37
2026-04-29,Ironclad Systems,97,86,0.9615,1128.84
2026-04-29,Insightful AI,34,22,0.6667,583.21
2026-04-29,Horizon Advisors,8,7,0.84,422.95
2026-04-29,Highline Media,147,100,0.7627,522.77
2026-04-29,HighGround Tech,58,32,0.792,320.22
2026-04-29,GrowthEdge Partners,74,58,0.8195,161.51
2026-04-29,Greenfield Ops,141,122,0.6961,756.27
2026-04-29,Granite Global,1,0,0.9164,658.81
2026-04-29,FrontEdge Technologies,20,16,0.9095,1694.88
2026-04-29,Forte Solutions,23,16,0.7021,1373.31
2026-04-29,Fairway Technologies,57,50,0.6758,377.58
2026-04-29,Endeavor Inc,69,32,0.9677,224.94
2026-04-29,Elevate Commerce,20,13,0.9057,1122.54
2026-04-29,Delta Dynamics,445,287,0.727,1152.84
2026-04-29,Deeproot Analytics,68,57,0.9199,293.58
2026-04-29,Dawnbreak Studios,22,16,0.8976,1222.65
2026-04-29,Crestline Corp,9,7,0.9857,1700.22
2026-04-29,Clearpath Advisors,232,165,0.8818,1236.85
2026-04-29,Cascade Analytics,393,310,0.659,487.8
2026-04-29,Brighthouse Group,172,93,0.7578,716.68
2026-04-29,Bridgepoint Co,5,4,0.7178,971.0
2026-04-29,BluePeak Ventures,233,181,0.8403,448.27
2026-04-29,Arcadia Capital,127,100,0.9518,819.78
2026-04-29,Apex Solutions,8,6,0.9585,886.21
2026-04-29,Altus Group,158,110,0.9199,1713.13
2026-04-28,Zephyr Brands,19,11,0.7742,1656.36
2026-04-28,Zenith Platforms,2,1,0.7291,920.08
2026-04-28,Yellowstone Holdings,111,78,0.931,100.99
2026-04-28,Yellowbrick Data,31,22,0.9615,1365.17
2026-04-28,Xcelerate Corp,12,5,0.7256,1035.23
2026-04-28,Xceed Consulting,237,174,0.6773,352.23
2026-04-28,Westmark Corp,18,16,0.7377,272.03
2026-04-28,Visionary Works,268,225,0.9328,345.54
2026-04-28,Velocity Works,21,11,0.8699,1059.04
2026-04-28,Uplift Agency,14,10,0.8195,692.69
2026-04-28,Unified Brands,523,329,0.7508,1088.85
2026-04-28,TrueNorth Strategies,6,4,0.8854,347.88
2026-04-28,Trident Analytics,46,42,0.6678,1181.81
2026-04-28,Sunstone Ventures,97,68,0.9586,1597.14
2026-04-28,Silverline Agency,254,229,0.6517,1124.91
2026-04-28,Resonance Media,25,16,0.962,1308.75
2026-04-28,Radiant Networks,59,50,0.9399,824.98
2026-04-28,Quickset Digital,487,422,0.9355,1548.91
2026-04-28,Quantum Leap Ltd,2,1,0.6751,563.26
2026-04-28,Pinnacle Enterprises,160,108,0.7217,132.5
2026-04-28,Paragon Systems,830,407,0.7909,851.91
2026-04-28,Orbit Consulting,23,13,0.717,443.75
2026-04-28,Openwave Solutions,8,6,0.6802,418.39
2026-04-28,NovaStar Group,346,251,0.7362,1668.81
2026-04-28,Nexus Digital,71,63,0.9629,152.83
2026-04-28,Mercer & Co,608,366,0.8585,1003.45
2026-04-28,Maverick Labs,4,2,0.9473,992.53
2026-04-28,Luminary Group,98,89,0.9677,479.51
2026-04-28,Landmark Advisory,85,51,0.7608,1734.76
2026-04-28,Kinetic Partners,3,2,0.6573,1038.28
2026-04-28,Keystone Partners,36,24,0.964,1078.72
2026-04-28,Juno Retail,16,7,0.7378,556.25
2026-04-28,Jetstream Labs,81,72,0.9334,597.02
2026-04-28,Ironclad Systems,89,74,0.8679,1529.86
2026-04-28,Insightful AI,27,20,0.6853,373.0
2026-04-28,Horizon Advisors,6,3,0.9125,271.43
2026-04-28,Highline Media,127,101,0.6647,443.22
2026-04-28,HighGround Tech,14,10,0.886,737.34
2026-04-28,GrowthEdge Partners,278,223,0.7093,419.47
2026-04-28,Greenfield Ops,95,73,0.8473,726.08
2026-04-28,Granite Global,5,3,0.7758,239.56
2026-04-28,FrontEdge Technologies,17,13,0.8094,569.53
2026-04-28,Forte Solutions,8,4,0.6537,1416.6
2026-04-28,Fairway Technologies,35,18,0.7458,717.0
2026-04-28,Endeavor Inc,65,51,0.8886,1231.19
2026-04-28,Elevate Commerce,22,12,0.7525,1191.75
2026-04-28,Delta Dynamics,346,277,0.806,465.76
2026-04-28,Deeproot Analytics,53,31,0.8974,484.41
2026-04-28,Crestline Corp,5,4,0.8992,1598.96
2026-04-28,Clearpath Advisors,189,141,0.7418,766.05
2026-04-28,Cascade Analytics,309,247,0.7315,794.55
2026-04-28,Brighthouse Group,241,200,0.7041,1556.25
2026-04-28,Bridgepoint Co,7,3,0.7846,250.07
2026-04-28,BluePeak Ventures,235,213,0.8588,615.52
2026-04-28,Arcadia Capital,56,32,0.9197,966.88
2026-04-28,Apex Solutions,23,12,0.7579,179.45
2026-04-28,Altus Group,144,114,0.9557,226.67
2026-04-27,Zephyr Brands,45,27,0.8436,897.54
2026-04-27,Zenith Platforms,4,2,0.82,1422.8
2026-04-27,Yellowstone Holdings,87,49,0.967,1541.85
2026-04-27,Yellowbrick Data,41,21,0.8326,222.24
2026-04-27,Xcelerate Corp,19,14,0.7873,127.63
2026-04-27,Xceed Consulting,337,305,0.834,1456.83
2026-04-27,Westmark Corp,33,20,0.8415,1513.8
2026-04-27,Visionary Works,181,102,0.8495,891.97
2026-04-27,Velocity Works,13,11,0.8469,1000.27
2026-04-27,Uplift Agency,12,8,0.7276,1240.85
2026-04-27,Unified Brands,183,112,0.7548,850.33
2026-04-27,TrueNorth Strategies,7,4,0.7222,1072.36
2026-04-27,Trident Analytics,34,28,0.9158,495.46
2026-04-27,Sunstone Ventures,67,49,0.7507,1224.94
2026-04-27,Silverline Agency,230,158,0.8375,1220.74
2026-04-27,Resonance Media,19,12,0.8825,253.71
2026-04-27,Radiant Networks,54,38,0.7341,418.42
2026-04-27,Quickset Digital,327,206,0.9644,559.76
2026-04-27,Quantum Leap Ltd,3,2,0.9065,841.02
2026-04-27,Pinnacle Enterprises,127,71,0.9882,1429.94
2026-04-27,Paragon Systems,467,425,0.7884,203.88
2026-04-27,Orbit Consulting,13,7,0.8817,910.14
2026-04-27,Openwave Solutions,21,12,0.8105,1138.78
2026-04-27,NovaStar Group,124,83,0.6715,724.36
2026-04-27,Nexus Digital,125,59,0.7725,1011.01
2026-04-27,Mercer & Co,436,308,0.7424,1685.62
2026-04-27,Maverick Labs,5,3,0.876,1415.0
2026-04-27,Luminary Group,87,40,0.7002,103.5
2026-04-27,Landmark Advisory,88,75,0.7862,1014.15
2026-04-27,Kinetic Partners,11,7,0.8845,1047.12
2026-04-27,Keystone Partners,49,22,0.717,432.34
2026-04-27,Jetstream Labs,57,41,0.874,1509.15
2026-04-27,Ironclad Systems,76,59,0.7733,1716.47
2026-04-27,Insightful AI,32,26,0.9829,477.15
2026-04-27,Horizon Advisors,4,2,0.9618,543.48
2026-04-27,Highline Media,191,102,0.6688,194.48
2026-04-27,HighGround Tech,30,20,0.779,1016.81
2026-04-27,GrowthEdge Partners,242,173,0.9668,447.52
2026-04-27,Greenfield Ops,177,152,0.8978,1713.51
2026-04-27,FrontEdge Technologies,25,16,0.9359,1458.7
2026-04-27,Forte Solutions,31,21,0.8064,760.52
2026-04-27,Fairway Technologies,35,19,0.8199,1260.58
2026-04-27,EverBright Inc,4,2,0.75,1022.58
2026-04-27,Endeavor Inc,51,29,0.9308,1381.45
2026-04-27,Delta Dynamics,325,237,0.944,1550.05
2026-04-27,Deeproot Analytics,73,52,0.8676,399.23
2026-04-27,Dawnbreak Studios,12,9,0.9279,452.35
2026-04-27,Crestline Corp,2,1,0.9272,1139.41
2026-04-27,Clearpath Advisors,194,114,0.7632,1642.23
2026-04-27,Cascade Analytics,201,180,0.9494,600.45
2026-04-27,Brighthouse Group,248,195,0.6781,1171.43
2026-04-27,Bridgepoint Co,7,6,0.77,1422.39
2026-04-27,BluePeak Ventures,221,195,0.933,1352.68
2026-04-27,Arcadia Capital,104,79,0.7993,703.91
2026-04-27,Apex Solutions,14,6,0.9419,1689.09
2026-04-27,Altus Group,144,79,0.8183,1491.56
2026-04-26,Zephyr Brands,17,15,0.9423,1701.15
2026-04-26,Zenith Platforms,2,1,0.9702,154.92
2026-04-26,Yellowstone Holdings,36,21,0.9,1572.58
2026-04-26,Yellowbrick Data,12,6,0.7071,781.19
2026-04-26,Xceed Consulting,125,68,0.8693,1342.91
2026-04-26,Westmark Corp,21,17,0.6732,340.35
2026-04-26,Wavefront Media,1,0,0.6986,243.31
2026-04-26,Visionary Works,180,98,0.7124,614.0
2026-04-26,Unified Brands,87,44,0.7914,154.29
2026-04-26,Trident Analytics,12,7,0.8758,889.17
2026-04-26,Sunstone Ventures,51,37,0.7398,843.73
2026-04-26,Silverline Agency,32,25,0.9316,1058.61
2026-04-26,Resonance Media,11,8,0.89,242.16
2026-04-26,Radiant Networks,26,13,0.9788,1648.9
2026-04-26,Quickset Digital,148,91,0.8278,432.24
2026-04-26,Quantum Leap Ltd,3,2,0.9511,1701.02
2026-04-26,Pinnacle Enterprises,142,75,0.9159,454.6
2026-04-26,Paragon Systems,448,350,0.7835,354.82
2026-04-26,Orbit Consulting,3,1,0.8574,337.22
2026-04-26,Openwave Solutions,6,4,0.7121,1084.7
2026-04-26,NovaStar Group,157,144,0.7047,807.68
2026-04-26,Nexus Digital,110,60,0.6894,866.08
2026-04-26,Mercer & Co,244,204,0.7701,597.57
2026-04-26,Maverick Labs,1,0,0.9799,196.08
2026-04-26,Luminary Group,45,38,0.9364,1425.21
2026-04-26,Landmark Advisory,59,51,0.9554,534.08
2026-04-26,Keystone Partners,11,8,0.7693,986.07
2026-04-26,Juno Retail,6,3,0.7518,1303.99
2026-04-26,Jetstream Labs,19,11,0.8714,895.13
2026-04-26,Ironclad Systems,47,21,0.9104,1045.67
2026-04-26,Insightful AI,1,0,0.8919,1305.25
2026-04-26,Horizon Advisors,1,0,0.8238,879.8
2026-04-26,Highline Media,92,44,0.9445,102.65
2026-04-26,HighGround Tech,20,9,0.8925,322.56
2026-04-26,GrowthEdge Partners,48,32,0.9005,1079.1
2026-04-26,Greenfield Ops,45,34,0.8795,921.44
2026-04-26,Granite Global,2,1,0.805,865.55
2026-04-26,FrontEdge Technologies,10,4,0.7214,753.29
2026-04-26,Forte Solutions,17,13,0.8598,1282.19
2026-04-26,Fairway Technologies,30,15,0.7636,736.61
2026-04-26,Endeavor Inc,35,31,0.9335,1611.54
2026-04-26,Elevate Commerce,3,2,0.9544,228.52
2026-04-26,Delta Dynamics,160,135,0.978,804.07
2026-04-26,Deeproot Analytics,55,37,0.8985,1617.25
2026-04-26,Dawnbreak Studios,9,6,0.918,371.65
2026-04-26,Crestline Corp,3,1,0.8207,1054.05
2026-04-26,Clearpath Advisors,67,49,0.838,98.87
2026-04-26,Cascade Analytics,114,54,0.9239,432.75
2026-04-26,Brighthouse Group,134,77,0.8264,138.07
2026-04-26,Bridgepoint Co,3,1,0.8272,1409.06
2026-04-26,BluePeak Ventures,130,114,0.8995,1027.88
2026-04-26,Arcadia Capital,40,28,0.7442,831.66
2026-04-26,Apex Solutions,9,7,0.9513,520.46
2026-04-26,Altus Group,113,57,0.9666,544.96
2026-04-25,Zephyr Brands,12,6,0.7003,1633.08
2026-04-25,Yellowstone Holdings,47,27,0.9477,805.36
2026-04-25,Yellowbrick Data,23,15,0.8239,761.06
2026-04-25,Xcelerate Corp,5,2,0.6872,1309.79
2026-04-25,Xceed Consulting,81,40,0.711,644.02
2026-04-25,Westmark Corp,18,11,0.9184,644.4
2026-04-25,Visionary Works,176,130,0.701,875.44
2026-04-25,Velocity Works,6,2,0.7648,87.16
2026-04-25,Uplift Agency,8,5,0.9501,1251.42
2026-04-25,Unified Brands,103,93,0.7011,133.7
2026-04-25,TrueNorth Strategies,3,2,0.8851,280.64
2026-04-25,Trident Analytics,13,8,0.8477,820.54
2026-04-25,Sunstone Ventures,68,38,0.8168,1093.31
2026-04-25,Silverline Agency,68,56,0.7527,257.87
2026-04-25,Resonance Media,9,7,0.7556,1592.75
2026-04-25,Radiant Networks,44,28,0.9146,1133.95
2026-04-25,Quickset Digital,125,89,0.7459,1047.75
2026-04-25,Pinnacle Enterprises,144,121,0.6997,1165.56
2026-04-25,Paragon Systems,306,255,0.9316,1680.7
2026-04-25,Openwave Solutions,4,2,0.7411,990.42
2026-04-25,NovaStar Group,207,162,0.8246,861.48
2026-04-25,Nexus Digital,48,41,0.9604,1505.65
2026-04-25,Mercer & Co,246,199,0.9575,1153.04
2026-04-25,Maverick Labs,5,2,0.9487,1678.14
2026-04-25,Luminary Group,74,54,0.9098,1238.63
2026-04-25,Landmark Advisory,59,32,0.9814,557.24
2026-04-25,Kinetic Partners,5,3,0.9332,918.87
2026-04-25,Keystone Partners,17,15,0.7024,1188.34
2026-04-25,Juno Retail,6,4,0.7238,1049.08
2026-04-25,Jetstream Labs,14,10,0.8876,97.84
2026-04-25,Ironclad Systems,16,7,0.9148,1529.64
2026-04-25,Insightful AI,13,5,0.6666,1093.45
2026-04-25,Horizon Advisors,1,0,0.9273,1608.84
2026-04-25,Highline Media,79,57,0.9254,1631.29
2026-04-25,HighGround Tech,16,10,0.6714,1526.51
2026-04-25,GrowthEdge Partners,50,38,0.6941,342.69
2026-04-25,Greenfield Ops,66,43,0.9577,578.58
2026-04-25,FrontEdge Technologies,12,10,0.9735,488.31
2026-04-25,Forte Solutions,12,10,0.961,484.6
2026-04-25,Fairway Technologies,35,17,0.9377,1727.36
2026-04-25,EverBright Inc,2,1,0.9512,876.87
2026-04-25,Endeavor Inc,32,15,0.683,1112.54
2026-04-25,Elevate Commerce,5,3,0.8799,164.66
2026-04-25,Delta Dynamics,204,104,0.7251,1407.21
2026-04-25,Deeproot Analytics,26,20,0.7592,1240.14
2026-04-25,Dawnbreak Studios,14,12,0.9859,870.2
2026-04-25,Crestline Corp,5,2,0.9687,1378.46
2026-04-25,Clearpath Advisors,106,88,0.9099,1500.61
2026-04-25,Cascade Analytics,106,59,0.9668,1430.39
2026-04-25,Brighthouse Group,152,106,0.8006,1226.81
2026-04-25,Bridgepoint Co,3,1,0.7766,963.71
2026-04-25,BluePeak Ventures,127,103,0.9614,811.56
2026-04-25,Arcadia Capital,53,33,0.8817,1496.02
2026-04-25,Apex Solutions,9,7,0.881,1510.81
2026-04-25,Altus Group,67,31,0.8334,1446.34
2026-04-24,Zephyr Brands,22,9,0.6628,1352.39
2026-04-24,Zenith Platforms,3,2,0.8762,180.3
2026-04-24,Yellowstone Holdings,73,58,0.7003,670.99
2026-04-24,Yellowbrick Data,47,26,0.886,1615.0
2026-04-24,Xcelerate Corp,27,14,0.9541,132.58
2026-04-24,Xceed Consulting,81,56,0.8919,1093.0
2026-04-24,Westmark Corp,24,13,0.7769,756.23
2026-04-24,Wavefront Media,6,4,0.9461,938.45
2026-04-24,Visionary Works,281,241,0.8705,1539.61
2026-04-24,Velocity Works,28,25,0.8443,650.71
2026-04-24,Uplift Agency,13,9,0.7216,1047.29
2026-04-24,Unified Brands,545,352,0.9494,1484.73
2026-04-24,Trident Analytics,25,19,0.8999,863.9
2026-04-24,Sunstone Ventures,75,63,0.7966,1576.66
2026-04-24,Silverline Agency,336,239,0.6548,216.86
2026-04-24,Radiant Networks,73,40,0.796,121.47
2026-04-24,Quickset Digital,343,186,0.9736,334.38
2026-04-24,Pinnacle Enterprises,264,229,0.7629,165.04
2026-04-24,Paragon Systems,500,296,0.9464,766.88
2026-04-24,Orbit Consulting,14,8,0.7994,1066.97
2026-04-24,Openwave Solutions,25,16,0.9278,1268.58
2026-04-24,NovaStar Group,314,287,0.9328,1456.36
2026-04-24,Nexus Digital,131,119,0.9038,1703.47
2026-04-24,Mercer & Co,625,390,0.8235,594.58
2026-04-24,Maverick Labs,6,5,0.7937,1165.86
2026-04-24,Luminary Group,92,64,0.6632,616.44
2026-04-24,Landmark Advisory,199,115,0.8283,1097.81
2026-04-24,Kinetic Partners,11,7,0.8869,1106.76
2026-04-24,Keystone Partners,34,29,0.8028,818.21
2026-04-24,Juno Retail,12,9,0.9066,547.47
2026-04-24,Jetstream Labs,60,37,0.9421,755.43
2026-04-24,Ironclad Systems,84,55,0.7231,1277.79
2026-04-24,Insightful AI,27,24,0.942,483.16
2026-04-24,Horizon Advisors,6,4,0.7986,741.95
2026-04-24,Highline Media,99,55,0.7555,236.03
2026-04-24,HighGround Tech,30,14,0.8081,858.84
2026-04-24,GrowthEdge Partners,171,78,0.7297,824.16
2026-04-24,Greenfield Ops,97,68,0.7942,1483.39
2026-04-24,Granite Global,6,4,0.9453,1728.19
2026-04-24,FrontEdge Technologies,37,24,0.6635,845.5
2026-04-24,Fairway Technologies,40,32,0.8315,181.2
2026-04-24,Endeavor Inc,77,43,0.689,998.37
2026-04-24,Delta Dynamics,215,170,0.9521,553.34
2026-04-24,Deeproot Analytics,52,43,0.8913,1577.12
2026-04-24,Dawnbreak Studios,20,17,0.7108,1730.26
2026-04-24,Crestline Corp,6,4,0.7949,618.49
2026-04-24,Clearpath Advisors,220,174,0.7679,1736.58
2026-04-24,Cascade Analytics,328,257,0.9759,886.04
2026-04-24,Brighthouse Group,267,176,0.8152,568.04
2026-04-24,BluePeak Ventures,181,125,0.8121,192.85
2026-04-24,Arcadia Capital,70,43,0.7855,325.41
2026-04-24,Apex Solutions,9,7,0.7903,203.26
2026-04-24,Altus Group,199,144,0.9229,1450.21
2026-04-23,Zephyr Brands,18,8,0.8037,496.08
2026-04-23,Zenith Platforms,5,2,0.8609,1242.31
2026-04-23,Yellowstone Holdings,77,61,0.9223,162.33
2026-04-23,Yellowbrick Data,35,31,0.6988,907.81
2026-04-23,Xcelerate Corp,17,15,0.8292,710.87
2026-04-23,Xceed Consulting,253,210,0.7161,872.12
2026-04-23,Westmark Corp,20,17,0.9381,1240.53
2026-04-23,Wavefront Media,5,3,0.9369,970.42
2026-04-23,Visionary Works,243,192,0.7464,556.52
2026-04-23,Velocity Works,18,9,0.6829,1484.42
2026-04-23,Uplift Agency,14,12,0.9324,1020.39
2026-04-23,Unified Brands,421,251,0.7874,595.9
2026-04-23,TrueNorth Strategies,6,5,0.7789,911.07
2026-04-23,Trident Analytics,29,16,0.7291,1743.04
2026-04-23,Sunstone Ventures,143,116,0.9438,499.8
2026-04-23,Silverline Agency,221,124,0.7405,1132.7
2026-04-23,Resonance Media,22,13,0.8362,608.65
2026-04-23,Radiant Networks,62,47,0.7291,1121.52
2026-04-23,Quickset Digital,313,283,0.8985,1270.13
2026-04-23,Quantum Leap Ltd,4,2,0.7346,1342.97
2026-04-23,Pinnacle Enterprises,208,125,0.6979,781.51
2026-04-23,Paragon Systems,754,590,0.9421,1071.96
2026-04-23,Orbit Consulting,16,13,0.9019,522.13
2026-04-23,Openwave Solutions,18,12,0.7856,604.26
2026-04-23,NovaStar Group,302,260,0.7637,899.78
2026-04-23,Nexus Digital,201,133,0.6862,1143.45
2026-04-23,Mercer & Co,366,245,0.7643,718.64
2026-04-23,Maverick Labs,4,2,0.6872,666.69
2026-04-23,Luminary Group,78,44,0.7317,1007.56
2026-04-23,Landmark Advisory,191,123,0.7608,1106.02
2026-04-23,Kinetic Partners,13,6,0.8547,794.41
2026-04-23,Keystone Partners,59,47,0.8011,1373.38
2026-04-23,Juno Retail,20,14,0.8497,616.56
2026-04-23,Jetstream Labs,51,34,0.8704,429.68
2026-04-23,Ironclad Systems,181,97,0.7328,902.38
2026-04-23,Insightful AI,20,15,0.9282,1418.19
2026-04-23,Horizon Advisors,5,4,0.9669,875.69
2026-04-23,Highline Media,104,94,0.7523,664.75
2026-04-23,HighGround Tech,59,46,0.8446,1081.64
2026-04-23,GrowthEdge Partners,222,149,0.7408,96.73
2026-04-23,Greenfield Ops,77,46,0.9589,857.52
2026-04-23,FrontEdge Technologies,21,17,0.7873,177.86
2026-04-23,Forte Solutions,25,20,0.7134,1291.71
2026-04-23,Fairway Technologies,52,44,0.705,1118.29
2026-04-23,Endeavor Inc,101,69,0.9735,221.72
2026-04-23,Elevate Commerce,11,6,0.972,437.96
2026-04-23,Delta Dynamics,153,83,0.8995,1473.16
2026-04-23,Deeproot Analytics,62,37,0.8867,1078.13
2026-04-23,Dawnbreak Studios,18,9,0.7067,987.08
2026-04-23,Crestline Corp,6,4,0.7537,1074.08
2026-04-23,Clearpath Advisors,196,93,0.6949,823.4
2026-04-23,Cascade Analytics,240,114,0.7709,655.85
2026-04-23,Brighthouse Group,181,136,0.7009,385.49
2026-04-23,Bridgepoint Co,9,4,0.8051,98.06
2026-04-23,BluePeak Ventures,228,168,0.677,1402.82
2026-04-23,Arcadia Capital,72,54,0.8168,1558.31
2026-04-23,Apex Solutions,18,13,0.8078,369.85
2026-04-23,Altus Group,215,138,0.6567,1298.89
2026-04-22,Zephyr Brands,33,26,0.796,1496.35
2026-04-22,Zenith Platforms,6,4,0.9286,1492.23
2026-04-22,Yellowstone Holdings,81,48,0.6691,1220.86
2026-04-22,Yellowbrick Data,36,24,0.7908,90.86
2026-04-22,Xcelerate Corp,13,6,0.8872,1406.63
2026-04-22,Xceed Consulting,371,271,0.8121,982.23
2026-04-22,Visionary Works,372,251,0.7045,948.63
2026-04-22,Velocity Works,32,22,0.871,94.95
2026-04-22,Uplift Agency,15,13,0.9112,988.83
2026-04-22,Unified Brands,298,145,0.6537,1606.15
2026-04-22,TrueNorth Strategies,6,3,0.9498,1260.23
2026-04-22,Trident Analytics,18,16,0.9786,391.94
2026-04-22,Sunstone Ventures,109,84,0.6547,1144.75
2026-04-22,Silverline Agency,182,140,0.959,1389.69
2026-04-22,Resonance Media,24,12,0.6799,289.06
2026-04-22,Radiant Networks,63,43,0.9826,1083.51
2026-04-22,Quickset Digital,209,180,0.8218,964.82
2026-04-22,Pinnacle Enterprises,306,256,0.9597,518.19
2026-04-22,Paragon Systems,503,333,0.7192,143.23
2026-04-22,Orbit Consulting,14,6,0.6628,611.57
2026-04-22,Openwave Solutions,29,20,0.684,790.47
2026-04-22,NovaStar Group,425,208,0.6955,1425.65
2026-04-22,Nexus Digital,183,165,0.8922,540.78
2026-04-22,Mercer & Co,478,423,0.6661,703.58
2026-04-22,Maverick Labs,5,4,0.9262,446.46
2026-04-22,Luminary Group,73,36,0.7978,1568.33
2026-04-22,Landmark Advisory,150,74,0.8322,444.55
2026-04-22,Kinetic Partners,6,4,0.7415,466.71
2026-04-22,Keystone Partners,76,58,0.7278,1086.92
2026-04-22,Jetstream Labs,28,22,0.817,697.79
2026-04-22,Ironclad Systems,100,59,0.8654,603.35
2026-04-22,Insightful AI,10,5,0.8481,451.35
2026-04-22,Horizon Advisors,5,3,0.958,1120.95
2026-04-22,Highline Media,69,41,0.8835,423.58
2026-04-22,HighGround Tech,39,30,0.6653,1433.6
2026-04-22,GrowthEdge Partners,165,117,0.7594,1623.46
2026-04-22,Greenfield Ops,152,99,0.7227,1192.85
2026-04-22,FrontEdge Technologies,40,36,0.7135,1594.0
2026-04-22,Forte Solutions,6,5,0.8221,434.16
2026-04-22,Fairway Technologies,63,36,0.8992,1610.58
2026-04-22,EverBright Inc,3,2,0.8487,1605.13
2026-04-22,Endeavor Inc,107,84,0.8088,179.7
2026-04-22,Elevate Commerce,16,12,0.9,1003.35
2026-04-22,Delta Dynamics,266,127,0.8191,1264.95
2026-04-22,Deeproot Analytics,83,56,0.7146,1506.01
2026-04-22,Dawnbreak Studios,17,13,0.8299,964.68
2026-04-22,Crestline Corp,7,6,0.8841,655.7
2026-04-22,Clearpath Advisors,286,193,0.7788,94.64
2026-04-22,Cascade Analytics,361,312,0.7444,653.23
2026-04-22,Brighthouse Group,261,133,0.8752,1749.72
2026-04-22,BluePeak Ventures,185,164,0.9874,466.9
2026-04-22,Arcadia Capital,92,61,0.8303,485.48
2026-04-22,Apex Solutions,12,7,0.6859,1545.22
2026-04-22,Altus Group,171,151,0.9482,757.95
2026-04-21,Zephyr Brands,37,33,0.6838,1547.09
2026-04-21,Zenith Platforms,4,2,0.7926,859.84
2026-04-21,Yellowstone Holdings,50,22,0.7829,742.56
2026-04-21,Yellowbrick Data,49,28,0.9099,675.19
2026-04-21,Xcelerate Corp,9,6,0.7351,1283.16
2026-04-21,Xceed Consulting,269,210,0.8251,156.84
2026-04-21,Westmark Corp,15,7,0.807,1524.49
2026-04-21,Wavefront Media,5,2,0.9814,106.02
2026-04-21,Visionary Works,151,80,0.7461,814.23
2026-04-21,Velocity Works,18,10,0.9648,1410.65
2026-04-21,Uplift Agency,6,4,0.8354,883.66
2026-04-21,Unified Brands,212,132,0.7077,1550.76
2026-04-21,TrueNorth Strategies,7,3,0.8251,1148.79
2026-04-21,Trident Analytics,28,19,0.9663,1330.71
2026-04-21,Sunstone Ventures,114,83,0.8324,786.37
2026-04-21,Silverline Agency,49,27,0.9523,370.98
2026-04-21,Radiant Networks,39,24,0.8138,1018.54
2026-04-21,Quickset Digital,411,315,0.9698,1565.6
2026-04-21,Pinnacle Enterprises,349,290,0.767,433.35
2026-04-21,Paragon Systems,612,336,0.835,620.21
2026-04-21,Orbit Consulting,21,15,0.7484,699.6
2026-04-21,Openwave Solutions,14,7,0.8731,576.92
2026-04-21,NovaStar Group,245,152,0.7107,991.99
2026-04-21,Nexus Digital,127,112,0.9627,1415.51
2026-04-21,Mercer & Co,694,637,0.8487,1748.79
2026-04-21,Maverick Labs,3,2,0.9594,165.18
2026-04-21,Luminary Group,63,30,0.909,1559.85
2026-04-21,Landmark Advisory,211,113,0.7852,1065.86
2026-04-21,Keystone Partners,20,9,0.9886,1722.19
2026-04-21,Juno Retail,11,6,0.9251,907.68
2026-04-21,Jetstream Labs,98,83,0.7614,1259.11
2026-04-21,Ironclad Systems,112,65,0.8629,291.32
2026-04-21,Insightful AI,36,24,0.917,270.02
2026-04-21,Horizon Advisors,4,3,0.8627,1292.67
2026-04-21,Highline Media,187,98,0.9354,573.56
2026-04-21,HighGround Tech,58,41,0.8772,122.22
2026-04-21,GrowthEdge Partners,322,235,0.6766,1697.74
2026-04-21,Greenfield Ops,150,70,0.8072,141.6
2026-04-21,FrontEdge Technologies,24,21,0.7954,159.28
2026-04-21,Fairway Technologies,12,9,0.6679,802.0
2026-04-21,EverBright Inc,6,3,0.9548,1377.23
2026-04-21,Endeavor Inc,89,63,0.8789,531.44
2026-04-21,Elevate Commerce,8,5,0.7434,731.29
2026-04-21,Delta Dynamics,115,59,0.8337,1075.79
2026-04-21,Deeproot Analytics,31,16,0.7211,923.29
2026-04-21,Dawnbreak Studios,13,8,0.9388,279.03
2026-04-21,Crestline Corp,12,5,0.6595,1155.93
2026-04-21,Clearpath Advisors,358,232,0.7975,892.36
2026-04-21,Cascade Analytics,415,373,0.7927,332.28
2026-04-21,Brighthouse Group,222,157,0.9299,486.34
2026-04-21,Bridgepoint Co,6,3,0.7227,279.6
2026-04-21,BluePeak Ventures,227,118,0.6881,719.59
2026-04-21,Arcadia Capital,109,99,0.6731,558.94
2026-04-21,Apex Solutions,18,13,0.9193,1530.99
2026-04-21,Altus Group,141,88,0.8273,589.79
2026-04-20,Zephyr Brands,32,14,0.7885,892.75
2026-04-20,Zenith Platforms,5,3,0.7694,1298.93
2026-04-20,Yellowstone Holdings,92,78,0.9144,1354.9
2026-04-20,Yellowbrick Data,26,20,0.7024,1438.62
2026-04-20,Xcelerate Corp,13,6,0.9234,886.57
2026-04-20,Xceed Consulting,304,194,0.6765,1041.32
2026-04-20,Westmark Corp,19,14,0.706,1523.12
2026-04-20,Wavefront Media,4,1,0.8632,136.0
2026-04-20,Visionary Works,258,198,0.8833,1620.44
2026-04-20,Velocity Works,36,27,0.8512,1714.95
2026-04-20,Uplift Agency,10,6,0.8582,980.43
2026-04-20,Unified Brands,413,216,0.7647,1665.59
2026-04-20,TrueNorth Strategies,5,4,0.8836,1468.15
2026-04-20,Trident Analytics,35,26,0.761,1074.25
2026-04-20,Sunstone Ventures,54,27,0.7412,607.91
2026-04-20,Silverline Agency,158,94,0.7408,449.98
2026-04-20,Resonance Media,38,33,0.9678,956.52
2026-04-20,Radiant Networks,37,23,0.8443,1027.74
2026-04-20,Quickset Digital,387,305,0.8303,559.69
2026-04-20,Pinnacle Enterprises,503,452,0.8092,401.07
2026-04-20,Paragon Systems,858,500,0.9219,233.62
2026-04-20,Openwave Solutions,16,12,0.98,1528.7
2026-04-20,NovaStar Group,338,183,0.6552,1169.61
2026-04-20,Nexus Digital,223,191,0.6889,1200.06
2026-04-20,Mercer & Co,419,209,0.6536,247.15
2026-04-20,Maverick Labs,3,1,0.7016,512.51
2026-04-20,Luminary Group,39,18,0.7869,1514.69
2026-04-20,Landmark Advisory,71,57,0.7824,725.69
2026-04-20,Kinetic Partners,10,8,0.795,901.25
2026-04-20,Keystone Partners,73,47,0.9585,919.79
2026-04-20,Juno Retail,8,6,0.9029,1198.56
2026-04-20,Jetstream Labs,92,50,0.8472,519.0
2026-04-20,Ironclad Systems,36,30,0.7838,1491.99
2026-04-20,Insightful AI,23,17,0.9598,366.11
2026-04-20,Horizon Advisors,5,4,0.8082,1052.32
2026-04-20,Highline Media,161,140,0.9716,865.13
2026-04-20,HighGround Tech,26,13,0.7324,1737.31
2026-04-20,GrowthEdge Partners,184,167,0.8554,981.7
2026-04-20,Greenfield Ops,89,74,0.8283,404.92
2026-04-20,FrontEdge Technologies,38,24,0.8679,679.61
2026-04-20,Forte Solutions,26,20,0.9254,314.25
2026-04-20,Fairway Technologies,54,34,0.7408,1039.62
2026-04-20,Endeavor Inc,87,72,0.7693,537.66
2026-04-20,Elevate Commerce,16,9,0.6858,414.74
2026-04-20,Delta Dynamics,261,123,0.831,1178.31
2026-04-20,Deeproot Analytics,47,33,0.8735,266.13
2026-04-20,Dawnbreak Studios,22,18,0.7117,1431.73
2026-04-20,Crestline Corp,9,5,0.7913,1345.08
2026-04-20,Clearpath Advisors,312,189,0.8026,404.59
2026-04-20,Cascade Analytics,297,152,0.8762,218.08
2026-04-20,Brighthouse Group,139,127,0.8621,499.53
2026-04-20,Bridgepoint Co,12,6,0.7827,708.18
2026-04-20,BluePeak Ventures,244,198,0.9601,1611.95
2026-04-20,Arcadia Capital,133,87,0.8013,763.63
2026-04-20,Apex Solutions,10,7,0.7148,207.78
2026-04-20,Altus Group,211,111,0.7129,858.21
2026-04-19,Zephyr Brands,17,8,0.7467,803.63
2026-04-19,Zenith Platforms,1,0,0.983,1294.15
2026-04-19,Yellowstone Holdings,44,30,0.9495,968.5
2026-04-19,Yellowbrick Data,17,9,0.7614,1059.84
2026-04-19,Xcelerate Corp,11,9,0.704,778.51
2026-04-19,Xceed Consulting,273,159,0.7529,875.5
2026-04-19,Westmark Corp,3,2,0.8903,163.78
2026-04-19,Visionary Works,74,46,0.7817,1031.47
2026-04-19,Velocity Works,14,11,0.9107,1719.61
2026-04-19,Uplift Agency,6,4,0.6908,669.52
2026-04-19,Unified Brands,221,134,0.9509,790.23
2026-04-19,TrueNorth Strategies,4,2,0.8582,437.52
2026-04-19,Trident Analytics,10,8,0.7791,259.41
2026-04-19,Sunstone Ventures,51,23,0.7001,386.34
2026-04-19,Silverline Agency,136,116,0.747,437.78
2026-04-19,Resonance Media,8,4,0.6681,234.42
2026-04-19,Radiant Networks,35,31,0.9895,1746.99
2026-04-19,Quickset Digital,152,115,0.9039,793.04
2026-04-19,Quantum Leap Ltd,1,0,0.9389,1650.64
2026-04-19,Pinnacle Enterprises,105,79,0.9252,1063.03
2026-04-19,Paragon Systems,533,483,0.9219,1162.33
2026-04-19,Orbit Consulting,12,8,0.6521,1688.06
2026-04-19,Openwave Solutions,14,11,0.7402,1427.65
2026-04-19,NovaStar Group,212,166,0.8516,591.35
2026-04-19,Nexus Digital,37,33,0.9356,1675.36
2026-04-19,Mercer & Co,361,316,0.8787,1293.39
2026-04-19,Luminary Group,66,50,0.9733,694.3
2026-04-19,Landmark Advisory,49,38,0.802,89.85
2026-04-19,Kinetic Partners,3,2,0.9425,1432.74
2026-04-19,Keystone Partners,35,30,0.7274,139.95
2026-04-19,Juno Retail,4,1,0.89,1648.2
2026-04-19,Jetstream Labs,26,15,0.6561,926.27
2026-04-19,Ironclad Systems,57,46,0.8095,1506.17
2026-04-19,Insightful AI,10,6,0.903,1371.92
2026-04-19,Horizon Advisors,1,0,0.9365,778.87
2026-04-19,Highline Media,102,90,0.8577,230.54
2026-04-19,HighGround Tech,16,8,0.7562,266.46
2026-04-19,GrowthEdge Partners,118,94,0.8619,994.15
2026-04-19,Greenfield Ops,82,71,0.8424,549.61
2026-04-19,Granite Global,1,0,0.7999,827.34
2026-04-19,FrontEdge Technologies,13,6,0.6661,938.97
2026-04-19,Fairway Technologies,23,15,0.9534,671.85
2026-04-19,EverBright Inc,1,0,0.9148,1509.63
2026-04-19,Endeavor Inc,19,13,0.7517,1562.93
2026-04-19,Elevate Commerce,3,2,0.9399,999.35
2026-04-19,Delta Dynamics,145,103,0.8485,898.47
2026-04-19,Deeproot Analytics,37,21,0.9196,1434.42
2026-04-19,Dawnbreak Studios,9,6,0.6839,287.76
2026-04-19,Crestline Corp,3,2,0.8381,1722.1
2026-04-19,Clearpath Advisors,135,77,0.9522,289.67
2026-04-19,Cascade Analytics,151,137,0.9703,920.53
2026-04-19,Brighthouse Group,173,129,0.8283,734.42
2026-04-19,BluePeak Ventures,100,65,0.6996,189.75
2026-04-19,Arcadia Capital,27,17,0.8952,1673.44
2026-04-19,Apex Solutions,14,6,0.7193,386.59
2026-04-19,Altus Group,59,45,0.9361,1560.36
2026-04-18,Zephyr Brands,15,9,0.9702,1263.17
2026-04-18,Yellowstone Holdings,42,26,0.7889,1599.13
2026-04-18,Yellowbrick Data,29,26,0.6748,1071.25
2026-04-18,Xcelerate Corp,7,5,0.8856,252.89
2026-04-18,Xceed Consulting,145,70,0.8678,1740.2
2026-04-18,Westmark Corp,16,8,0.7032,1359.21
2026-04-18,Visionary Works,173,99,0.9449,1218.92
2026-04-18,Velocity Works,8,6,0.7291,485.48
2026-04-18,Uplift Agency,7,5,0.7997,1703.18
2026-04-18,Unified Brands,107,50,0.8892,1367.5
2026-04-18,TrueNorth Strategies,4,2,0.799,609.95
2026-04-18,Trident Analytics,8,5,0.7022,1211.43
2026-04-18,Sunstone Ventures,53,33,0.6571,1408.43
2026-04-18,Silverline Agency,78,39,0.6589,1674.01
2026-04-18,Resonance Media,7,5,0.9262,863.25
2026-04-18,Radiant Networks,28,19,0.9281,1220.51
2026-04-18,Quickset Digital,279,239,0.9102,804.56
2026-04-18,Quantum Leap Ltd,1,0,0.9805,510.83
2026-04-18,Pinnacle Enterprises,137,88,0.8654,1456.91
2026-04-18,Paragon Systems,504,359,0.7195,298.36
2026-04-18,Openwave Solutions,7,3,0.8926,1215.58
2026-04-18,NovaStar Group,171,147,0.9545,1311.89
2026-04-18,Nexus Digital,27,20,0.766,269.02
2026-04-18,Mercer & Co,375,234,0.7779,1477.5
2026-04-18,Luminary Group,50,42,0.9539,346.03
2026-04-18,Landmark Advisory,45,32,0.6592,1660.71
2026-04-18,Kinetic Partners,7,5,0.9518,1348.48
2026-04-18,Keystone Partners,18,11,0.9814,318.58
2026-04-18,Juno Retail,7,5,0.8025,1731.48
2026-04-18,Jetstream Labs,28,18,0.6565,211.58
2026-04-18,Ironclad Systems,52,41,0.977,1153.58
2026-04-18,Insightful AI,8,3,0.7089,482.91
2026-04-18,Horizon Advisors,2,1,0.8502,1596.65
2026-04-18,Highline Media,32,20,0.8313,1253.69
2026-04-18,HighGround Tech,30,14,0.7309,234.68
2026-04-18,GrowthEdge Partners,77,50,0.7262,482.25
2026-04-18,Greenfield Ops,64,49,0.965,1281.96
2026-04-18,FrontEdge Technologies,15,9,0.9381,433.29
2026-04-18,Forte Solutions,4,2,0.8763,283.48
2026-04-18,Fairway Technologies,50,25,0.9241,922.6
2026-04-18,Endeavor Inc,29,21,0.8733,287.1
2026-04-18,Elevate Commerce,11,5,0.787,550.91
2026-04-18,Delta Dynamics,153,103,0.93,1170.06
2026-04-18,Deeproot Analytics,41,20,0.7383,272.16
2026-04-18,Dawnbreak Studios,10,4,0.787,968.87
2026-04-18,Crestline Corp,4,2,0.9752,1289.2
2026-04-18,Clearpath Advisors,103,48,0.7996,579.73
2026-04-18,Cascade Analytics,151,82,0.8122,283.95
2026-04-18,Brighthouse Group,122,88,0.9157,1571.1
2026-04-18,Bridgepoint Co,5,4,0.7919,102.49
2026-04-18,BluePeak Ventures,135,62,0.9161,1438.22
2026-04-18,Arcadia Capital,77,50,0.9139,1749.22
2026-04-18,Apex Solutions,8,4,0.6759,1223.87
2026-04-18,Altus Group,80,41,0.7096,907.01
2026-04-17,Zephyr Brands,45,37,0.7122,1112.86
2026-04-17,Yellowstone Holdings,61,33,0.9742,1203.5
2026-04-17,Yellowbrick Data,51,44,0.7778,565.57
2026-04-17,Xcelerate Corp,14,6,0.8059,1404.85
2026-04-17,Xceed Consulting,314,209,0.9544,1622.91
2026-04-17,Westmark Corp,36,19,0.7415,560.26
2026-04-17,Visionary Works,216,140,0.981,1531.17
2026-04-17,Uplift Agency,17,13,0.9872,1328.58
2026-04-17,Unified Brands,282,190,0.9346,1299.04
2026-04-17,TrueNorth Strategies,6,3,0.8565,85.21
2026-04-17,Trident Analytics,32,15,0.8559,752.36
2026-04-17,Sunstone Ventures,146,87,0.8324,446.4
2026-04-17,Silverline Agency,296,196,0.8907,545.28
2026-04-17,Resonance Media,31,20,0.7983,1740.08
2026-04-17,Radiant Networks,47,27,0.69,475.41
2026-04-17,Quickset Digital,390,295,0.6561,1147.24
2026-04-17,Pinnacle Enterprises,262,194,0.8059,862.64
2026-04-17,Paragon Systems,847,622,0.669,1040.59
2026-04-17,Orbit Consulting,18,11,0.8563,280.31
2026-04-17,Openwave Solutions,15,12,0.7447,1398.74
2026-04-17,NovaStar Group,162,143,0.9068,712.4
2026-04-17,Nexus Digital,187,92,0.6513,1476.21
2026-04-17,Mercer & Co,480,406,0.9322,133.44
2026-04-17,Maverick Labs,5,3,0.8503,907.23
2026-04-17,Luminary Group,131,67,0.7378,615.83
2026-04-17,Landmark Advisory,106,50,0.8021,180.55
2026-04-17,Kinetic Partners,8,5,0.9178,587.86
2026-04-17,Keystone Partners,52,26,0.8911,487.28
2026-04-17,Juno Retail,16,10,0.7458,501.79
2026-04-17,Jetstream Labs,75,39,0.7837,1337.85
2026-04-17,Ironclad Systems,27,14,0.6619,257.52
2026-04-17,Insightful AI,19,16,0.9876,1121.62
2026-04-17,Horizon Advisors,6,4,0.6828,982.28
2026-04-17,Highline Media,104,82,0.6567,368.29
2026-04-17,HighGround Tech,63,35,0.6799,763.83
2026-04-17,GrowthEdge Partners,238,183,0.9695,1020.87
2026-04-17,Greenfield Ops,86,55,0.7649,171.91
2026-04-17,Granite Global,3,1,0.6984,942.94
2026-04-17,FrontEdge Technologies,11,7,0.9443,1164.77
2026-04-17,Forte Solutions,24,11,0.6681,1610.81
2026-04-17,Fairway Technologies,29,19,0.9169,961.98
2026-04-17,Endeavor Inc,96,50,0.6772,303.17
2026-04-17,Elevate Commerce,21,17,0.977,832.25
2026-04-17,Delta Dynamics,87,52,0.8564,1604.3
2026-04-17,Deeproot Analytics,50,41,0.8051,1344.03
2026-04-17,Dawnbreak Studios,13,8,0.8938,1381.77
2026-04-17,Crestline Corp,5,2,0.6951,1352.68
2026-04-17,Clearpath Advisors,273,123,0.9078,1011.86
2026-04-17,Cascade Analytics,248,124,0.9639,1364.32
2026-04-17,Brighthouse Group,191,131,0.9074,795.94
2026-04-17,Bridgepoint Co,9,5,0.8376,293.75
2026-04-17,BluePeak Ventures,210,174,0.7828,629.19
2026-04-17,Arcadia Capital,131,109,0.8191,1539.66
2026-04-17,Apex Solutions,24,19,0.743,1691.95
2026-04-17,Altus Group,218,113,0.7722,1263.8
2026-04-16,Zephyr Brands,29,26,0.8687,1428.35
2026-04-16,Zenith Platforms,3,1,0.6582,176.26
2026-04-16,Yellowstone Holdings,97,65,0.6726,1612.1
2026-04-16,Yellowbrick Data,24,17,0.9174,438.98
2026-04-16,Xceed Consulting,230,153,0.7849,952.33
2026-04-16,Westmark Corp,31,23,0.7341,107.24
2026-04-16,Visionary Works,292,157,0.7778,1453.95
2026-04-16,Velocity Works,31,20,0.876,212.3
2026-04-16,Uplift Agency,12,6,0.8211,377.07
2026-04-16,Unified Brands,472,381,0.6742,391.38
2026-04-16,TrueNorth Strategies,6,3,0.9746,565.23
2026-04-16,Trident Analytics,28,20,0.8587,348.52
2026-04-16,Sunstone Ventures,136,118,0.7274,908.98
2026-04-16,Silverline Agency,187,134,0.8886,1304.22
2026-04-16,Resonance Media,29,16,0.694,1381.55
2026-04-16,Radiant Networks,48,36,0.6623,566.31
2026-04-16,Quickset Digital,75,51,0.7386,316.94
2026-04-16,Pinnacle Enterprises,172,148,0.8882,234.37
2026-04-16,Paragon Systems,731,541,0.7296,1745.34
2026-04-16,Orbit Consulting,10,5,0.7335,1232.34
2026-04-16,Openwave Solutions,15,9,0.876,1380.87
2026-04-16,NovaStar Group,227,191,0.6848,289.53
2026-04-16,Nexus Digital,176,90,0.7845,797.95
2026-04-16,Mercer & Co,422,291,0.7727,705.4
2026-04-16,Maverick Labs,7,3,0.9893,546.96
2026-04-16,Luminary Group,125,68,0.6932,590.67
2026-04-16,Landmark Advisory,154,76,0.8621,700.26
2026-04-16,Kinetic Partners,11,7,0.68,1437.41
2026-04-16,Keystone Partners,48,32,0.7139,668.06
2026-04-16,Juno Retail,9,5,0.7685,1626.2
2026-04-16,Jetstream Labs,55,44,0.8445,1480.77
2026-04-16,Ironclad Systems,141,99,0.6953,1264.71
2026-04-16,Insightful AI,27,15,0.6894,907.3
2026-04-16,Horizon Advisors,8,6,0.9156,1603.2
2026-04-16,Highline Media,129,93,0.7748,1266.19
2026-04-16,HighGround Tech,35,31,0.7738,630.56
2026-04-16,GrowthEdge Partners,226,189,0.9621,1333.01
2026-04-16,Greenfield Ops,154,87,0.9285,1591.34
2026-04-16,Granite Global,5,3,0.6859,296.61
2026-04-16,FrontEdge Technologies,46,26,0.7114,537.92
2026-04-16,Forte Solutions,14,8,0.9073,520.75
2026-04-16,Fairway Technologies,46,27,0.8993,596.01
2026-04-16,EverBright Inc,3,2,0.8892,1014.66
2026-04-16,Endeavor Inc,95,82,0.7555,578.91
2026-04-16,Elevate Commerce,17,14,0.8748,196.18
2026-04-16,Delta Dynamics,181,96,0.9648,564.08
2026-04-16,Deeproot Analytics,65,49,0.7381,1040.49
2026-04-16,Dawnbreak Studios,22,14,0.7311,1728.92
2026-04-16,Crestline Corp,9,7,0.7912,692.47
2026-04-16,Clearpath Advisors,290,132,0.7209,545.68
2026-04-16,Cascade Analytics,171,113,0.6699,914.53
2026-04-16,Brighthouse Group,87,46,0.6681,324.15
2026-04-16,Bridgepoint Co,11,5,0.9287,580.12
2026-04-16,BluePeak Ventures,265,240,0.8901,1622.71
2026-04-16,Arcadia Capital,171,147,0.8769,926.68
2026-04-16,Apex Solutions,20,14,0.814,1267.22
2026-04-16,Altus Group,165,138,0.7561,550.07
2026-04-15,Zephyr Brands,33,16,0.768,1520.43
2026-04-15,Yellowstone Holdings,68,43,0.9638,1034.95
2026-04-15,Yellowbrick Data,60,28,0.9054,1554.71
2026-04-15,Xceed Consulting,252,153,0.8954,1200.28
2026-04-15,Westmark Corp,8,5,0.7623,1386.38
2026-04-15,Wavefront Media,6,5,0.6814,1316.17
2026-04-15,Visionary Works,397,291,0.9552,1670.22
2026-04-15,Velocity Works,19,12,0.704,774.97
2026-04-15,Uplift Agency,19,12,0.9819,1421.07
2026-04-15,Unified Brands,360,302,0.871,1590.08
2026-04-15,Trident Analytics,31,17,0.6952,841.82
2026-04-15,Sunstone Ventures,111,61,0.7381,531.09
2026-04-15,Silverline Agency,255,216,0.8295,646.81
2026-04-15,Radiant Networks,40,24,0.6884,1497.06
2026-04-15,Quickset Digital,528,401,0.9285,1507.53
2026-04-15,Quantum Leap Ltd,4,1,0.8355,1191.33
2026-04-15,Pinnacle Enterprises,251,221,0.7815,236.73
2026-04-15,Paragon Systems,581,312,0.8922,359.59
2026-04-15,Orbit Consulting,14,8,0.8584,544.69
2026-04-15,Openwave Solutions,21,16,0.7524,632.07
2026-04-15,NovaStar Group,345,177,0.7276,1708.66
2026-04-15,Nexus Digital,117,83,0.7488,1389.98
2026-04-15,Mercer & Co,459,305,0.7621,980.48
2026-04-15,Maverick Labs,3,2,0.7988,474.25
2026-04-15,Luminary Group,90,81,0.9851,599.72
2026-04-15,Landmark Advisory,175,105,0.7052,1481.72
2026-04-15,Kinetic Partners,11,8,0.9632,471.58
2026-04-15,Keystone Partners,71,49,0.7431,1093.41
2026-04-15,Juno Retail,10,4,0.9055,999.99
2026-04-15,Jetstream Labs,45,26,0.979,1162.03
2026-04-15,Ironclad Systems,147,127,0.957,1361.44
2026-04-15,Insightful AI,38,19,0.8932,812.13
2026-04-15,Horizon Advisors,6,5,0.7834,1511.31
2026-04-15,Highline Media,136,67,0.9784,598.81
2026-04-15,HighGround Tech,41,23,0.7202,1724.14
2026-04-15,GrowthEdge Partners,222,120,0.889,201.81
2026-04-15,Greenfield Ops,81,36,0.9028,683.4
2026-04-15,FrontEdge Technologies,22,11,0.7982,557.08
2026-04-15,Forte Solutions,24,17,0.8207,1148.66
2026-04-15,Fairway Technologies,41,22,0.7211,462.88
2026-04-15,Endeavor Inc,89,47,0.8811,1503.88
2026-04-15,Elevate Commerce,16,9,0.8963,1025.68
2026-04-15,Delta Dynamics,250,153,0.7503,1297.26
2026-04-15,Deeproot Analytics,94,72,0.9505,1656.09
2026-04-15,Crestline Corp,5,3,0.8759,1705.37
2026-04-15,Clearpath Advisors,241,120,0.8822,948.85
2026-04-15,Cascade Analytics,330,244,0.8794,1704.35
2026-04-15,Brighthouse Group,266,234,0.7834,1100.9
2026-04-15,Bridgepoint Co,9,4,0.7341,911.83
2026-04-15,BluePeak Ventures,267,226,0.8755,1404.96
2026-04-15,Arcadia Capital,73,50,0.7799,1196.58
2026-04-15,Apex Solutions,24,11,0.6695,796.57
2026-04-15,Altus Group,205,108,0.7943,181.6
2026-04-14,Zephyr Brands,38,25,0.8542,324.04
2026-04-14,Yellowstone Holdings,88,51,0.8789,384.57
2026-04-14,Yellowbrick Data,42,19,0.7991,1341.25
2026-04-14,Xceed Consulting,242,144,0.9191,1519.94
2026-04-14,Westmark Corp,19,11,0.8768,951.07
2026-04-14,Visionary Works,408,358,0.8352,947.12
2026-04-14,Velocity Works,18,10,0.7724,1545.21
2026-04-14,Uplift Agency,19,16,0.7766,275.87
2026-04-14,Unified Brands,368,316,0.8626,1682.79
2026-04-14,TrueNorth Strategies,11,5,0.7455,344.01
2026-04-14,Trident Analytics,13,10,0.9553,828.61
2026-04-14,Sunstone Ventures,172,146,0.8254,1011.07
2026-04-14,Silverline Agency,169,140,0.9885,922.68
2026-04-14,Resonance Media,29,22,0.7024,1509.98
2026-04-14,Radiant Networks,47,41,0.9555,1619.02
2026-04-14,Quickset Digital,366,173,0.8709,574.18
2026-04-14,Pinnacle Enterprises,234,112,0.8591,233.22
2026-04-14,Paragon Systems,390,350,0.755,200.04
2026-04-14,Orbit Consulting,15,7,0.8829,582.48
2026-04-14,Openwave Solutions,20,13,0.861,1061.4
2026-04-14,NovaStar Group,240,138,0.8649,1696.94
2026-04-14,Nexus Digital,123,105,0.8829,451.02
2026-04-14,Mercer & Co,218,146,0.8878,499.0
2026-04-14,Maverick Labs,7,4,0.8239,1540.87
2026-04-14,Luminary Group,102,84,0.8444,707.08
2026-04-14,Landmark Advisory,120,84,0.7616,1291.0
2026-04-14,Kinetic Partners,9,5,0.7005,1126.48
2026-04-14,Keystone Partners,30,24,0.6776,320.15
2026-04-14,Juno Retail,7,5,0.8403,163.37
2026-04-14,Jetstream Labs,54,43,0.7012,1678.77
2026-04-14,Ironclad Systems,148,100,0.8429,477.85
2026-04-14,Insightful AI,35,23,0.9253,242.99
2026-04-14,Horizon Advisors,3,2,0.8562,959.38
2026-04-14,Highline Media,135,63,0.6599,1296.23
2026-04-14,HighGround Tech,32,19,0.6755,1406.7
2026-04-14,GrowthEdge Partners,97,76,0.6712,915.75
2026-04-14,Greenfield Ops,190,92,0.8064,1546.61
2026-04-14,FrontEdge Technologies,14,11,0.7582,1396.31
2026-04-14,Fairway Technologies,60,38,0.6758,1103.74
2026-04-14,EverBright Inc,5,3,0.9187,163.49
2026-04-14,Endeavor Inc,83,70,0.8205,1156.47
2026-04-14,Delta Dynamics,337,155,0.6883,1144.24
2026-04-14,Deeproot Analytics,79,51,0.8686,1729.12
2026-04-14,Dawnbreak Studios,17,14,0.7657,740.88
2026-04-14,Crestline Corp,10,8,0.859,86.21
2026-04-14,Clearpath Advisors,306,161,0.8011,1295.35
2026-04-14,Cascade Analytics,227,191,0.752,1579.58
2026-04-14,Brighthouse Group,225,204,0.8969,1087.16
2026-04-14,BluePeak Ventures,296,260,0.9335,523.52
2026-04-14,Arcadia Capital,107,56,0.6531,1227.27
2026-04-14,Apex Solutions,12,7,0.974,730.36
2026-04-14,Altus Group,94,84,0.7708,402.85
2026-04-13,Zephyr Brands,38,28,0.9064,1476.01
2026-04-13,Yellowstone Holdings,75,63,0.8905,1138.14
2026-04-13,Yellowbrick Data,47,21,0.7252,1734.35
2026-04-13,Xceed Consulting,260,145,0.7067,861.57
2026-04-13,Westmark Corp,27,24,0.7586,219.02
2026-04-13,Wavefront Media,3,2,0.6999,630.53
2026-04-13,Visionary Works,268,196,0.7101,1721.3
2026-04-13,Velocity Works,19,13,0.6784,803.68
2026-04-13,Uplift Agency,19,17,0.9802,1567.99
2026-04-13,Unified Brands,201,156,0.9291,1240.89
2026-04-13,TrueNorth Strategies,6,3,0.7195,1556.05
2026-04-13,Trident Analytics,36,17,0.8118,1295.3
2026-04-13,Sunstone Ventures,72,64,0.8769,508.39
2026-04-13,Silverline Agency,168,89,0.8433,997.56
2026-04-13,Resonance Media,32,14,0.9793,1332.8
2026-04-13,Radiant Networks,89,48,0.7195,361.09
2026-04-13,Quickset Digital,376,247,0.8587,462.61
2026-04-13,Quantum Leap Ltd,6,4,0.7213,648.19
2026-04-13,Pinnacle Enterprises,313,186,0.6668,1152.11
2026-04-13,Paragon Systems,463,378,0.7991,1450.48
2026-04-13,Openwave Solutions,23,14,0.6689,191.92
2026-04-13,NovaStar Group,187,114,0.7671,1521.44
2026-04-13,Nexus Digital,112,99,0.8187,806.88
2026-04-13,Mercer & Co,327,161,0.8546,896.71
2026-04-13,Maverick Labs,5,4,0.8062,1357.09
2026-04-13,Luminary Group,80,39,0.8021,1024.07
2026-04-13,Landmark Advisory,107,82,0.8924,410.84
2026-04-13,Kinetic Partners,13,7,0.6537,648.45
2026-04-13,Keystone Partners,32,18,0.7861,1657.45
2026-04-13,Juno Retail,12,10,0.8519,941.51
2026-04-13,Jetstream Labs,64,41,0.6995,1180.05
2026-04-13,Ironclad Systems,95,52,0.7431,185.51
2026-04-13,Insightful AI,43,36,0.7306,1659.98
2026-04-13,Highline Media,205,153,0.7219,729.19
2026-04-13,HighGround Tech,39,19,0.873,761.28
2026-04-13,GrowthEdge Partners,146,126,0.9522,785.31
2026-04-13,Greenfield Ops,137,75,0.867,940.74
2026-04-13,Granite Global,9,6,0.9293,1583.28
2026-04-13,FrontEdge Technologies,29,25,0.8377,1227.85
2026-04-13,Forte Solutions,23,19,0.7274,183.2
2026-04-13,Fairway Technologies,47,37,0.7343,987.02
2026-04-13,EverBright Inc,5,4,0.7703,1461.77
2026-04-13,Endeavor Inc,105,48,0.6892,1322.58
2026-04-13,Elevate Commerce,17,9,0.8632,974.11
2026-04-13,Delta Dynamics,271,199,0.6903,1352.18
2026-04-13,Deeproot Analytics,59,31,0.989,888.33
2026-04-13,Dawnbreak Studios,21,17,0.9734,1638.74
2026-04-13,Crestline Corp,8,5,0.9194,214.85
2026-04-13,Clearpath Advisors,181,150,0.8065,481.77
2026-04-13,Cascade Analytics,195,162,0.7522,1459.83
2026-04-13,Brighthouse Group,332,208,0.9662,131.78
2026-04-13,Bridgepoint Co,9,6,0.9158,294.8
2026-04-13,BluePeak Ventures,155,103,0.7674,1478.81
2026-04-13,Arcadia Capital,51,23,0.929,625.14
2026-04-13,Apex Solutions,20,15,0.9125,1288.95
2026-04-13,Altus Group,189,139,0.803,1232.27
2026-04-12,Zephyr Brands,26,11,0.7792,1216.43
2026-04-12,Zenith Platforms,2,1,0.9713,708.33
2026-04-12,Yellowstone Holdings,44,30,0.8978,1203.24
2026-04-12,Yellowbrick Data,22,12,0.6898,1322.7
2026-04-12,Xceed Consulting,233,113,0.9763,1293.83
2026-04-12,Visionary Works,58,28,0.7049,760.73
2026-04-12,Velocity Works,10,5,0.914,1274.74
2026-04-12,Unified Brands,64,47,0.9837,143.6
2026-04-12,TrueNorth Strategies,4,2,0.6571,400.64
2026-04-12,Trident Analytics,20,12,0.7622,1239.74
2026-04-12,Sunstone Ventures,51,45,0.7067,1201.31
2026-04-12,Silverline Agency,129,117,0.7806,289.68
2026-04-12,Resonance Media,3,1,0.899,767.19
2026-04-12,Radiant Networks,41,29,0.7866,1688.05
2026-04-12,Quickset Digital,85,57,0.8407,1491.6
2026-04-12,Pinnacle Enterprises,221,171,0.9642,1558.89
2026-04-12,Paragon Systems,445,342,0.9461,420.2
2026-04-12,Orbit Consulting,3,2,0.6524,1115.79
2026-04-12,Openwave Solutions,5,2,0.7871,553.9
2026-04-12,NovaStar Group,179,81,0.9679,392.88
2026-04-12,Nexus Digital,99,46,0.8753,543.76
2026-04-12,Mercer & Co,209,152,0.8897,627.13
2026-04-12,Maverick Labs,2,1,0.7113,783.5
2026-04-12,Luminary Group,45,21,0.7975,629.7
2026-04-12,Landmark Advisory,52,36,0.945,1301.8
2026-04-12,Kinetic Partners,3,2,0.9853,785.07
2026-04-12,Keystone Partners,40,33,0.8538,664.82
2026-04-12,Juno Retail,2,1,0.694,379.6
2026-04-12,Jetstream Labs,25,17,0.9239,1694.69
2026-04-12,Ironclad Systems,88,73,0.8616,783.88
2026-04-12,Insightful AI,27,19,0.7346,433.93
2026-04-12,Horizon Advisors,1,0,0.7276,167.75
2026-04-12,Highline Media,77,51,0.8396,1491.87
2026-04-12,HighGround Tech,6,3,0.7179,938.36
2026-04-12,GrowthEdge Partners,180,141,0.8322,926.03
2026-04-12,Greenfield Ops,70,49,0.7069,1131.64
2026-04-12,FrontEdge Technologies,9,6,0.6859,1137.58
2026-04-12,Forte Solutions,14,11,0.7439,996.68
2026-04-12,Fairway Technologies,35,27,0.9847,1137.91
2026-04-12,EverBright Inc,1,0,0.9784,1314.16
2026-04-12,Endeavor Inc,25,19,0.7261,230.39
2026-04-12,Elevate Commerce,8,5,0.9134,1295.96
2026-04-12,Delta Dynamics,138,80,0.721,1315.28
2026-04-12,Deeproot Analytics,40,30,0.743,1079.27
2026-04-12,Dawnbreak Studios,16,13,0.7436,231.55
2026-04-12,Crestline Corp,2,1,0.6838,602.33
2026-04-12,Clearpath Advisors,96,54,0.9401,294.05
2026-04-12,Cascade Analytics,83,40,0.7284,268.44
2026-04-12,Brighthouse Group,20,16,0.7,1491.21
2026-04-12,Bridgepoint Co,7,3,0.926,1428.51
2026-04-12,BluePeak Ventures,87,79,0.708,320.85
2026-04-12,Arcadia Capital,47,39,0.7878,521.01
2026-04-12,Apex Solutions,10,5,0.6741,237.17
2026-04-12,Altus Group,12,5,0.9613,455.3
2026-04-11,Zephyr Brands,21,16,0.9775,1735.3
2026-04-11,Yellowstone Holdings,31,26,0.9203,1337.49
2026-04-11,Yellowbrick Data,5,2,0.9657,1684.13
2026-04-11,Xceed Consulting,102,48,0.6787,1154.66
2026-04-11,Westmark Corp,3,1,0.8861,1477.02
2026-04-11,Wavefront Media,2,1,0.8509,783.96
2026-04-11,Visionary Works,153,108,0.7742,881.3
2026-04-11,Velocity Works,9,7,0.6862,401.46
2026-04-11,Uplift Agency,4,2,0.8976,723.87
2026-04-11,Unified Brands,134,75,0.9002,334.91
2026-04-11,Trident Analytics,14,12,0.8132,698.34
2026-04-11,Sunstone Ventures,35,31,0.6931,921.02
2026-04-11,Silverline Agency,108,56,0.9108,150.14
2026-04-11,Resonance Media,10,5,0.7553,853.92
2026-04-11,Radiant Networks,42,34,0.968,699.35
2026-04-11,Quickset Digital,102,50,0.7683,1079.95
2026-04-11,Quantum Leap Ltd,4,2,0.7021,676.22
2026-04-11,Pinnacle Enterprises,138,97,0.8696,1182.05
2026-04-11,Paragon Systems,251,161,0.7484,1223.32
2026-04-11,Openwave Solutions,12,6,0.8993,670.41
2026-04-11,NovaStar Group,176,89,0.9791,834.42
2026-04-11,Nexus Digital,68,56,0.7292,1420.51
2026-04-11,Mercer & Co,208,161,0.9108,1028.26
2026-04-11,Maverick Labs,1,0,0.709,778.73
2026-04-11,Luminary Group,60,40,0.7687,1182.73
2026-04-11,Landmark Advisory,49,35,0.7336,1614.58
2026-04-11,Keystone Partners,41,34,0.8746,956.46
2026-04-11,Juno Retail,4,2,0.866,1215.1
2026-04-11,Jetstream Labs,21,18,0.6707,325.57
2026-04-11,Ironclad Systems,46,34,0.6813,745.0
2026-04-11,Insightful AI,13,8,0.892,989.78
2026-04-11,Highline Media,92,79,0.9326,940.49
2026-04-11,HighGround Tech,16,7,0.9687,521.08
2026-04-11,GrowthEdge Partners,183,134,0.7481,1580.36
2026-04-11,Greenfield Ops,80,62,0.8799,345.45
2026-04-11,FrontEdge Technologies,9,7,0.8478,1152.16
2026-04-11,Forte Solutions,9,7,0.9338,1368.38
2026-04-11,Fairway Technologies,45,26,0.695,1702.83
2026-04-11,EverBright Inc,1,0,0.7471,1037.14
2026-04-11,Endeavor Inc,42,31,0.848,383.76
2026-04-11,Elevate Commerce,6,2,0.8864,585.63
2026-04-11,Delta Dynamics,177,139,0.7997,1117.21
2026-04-11,Deeproot Analytics,17,8,0.8246,519.07
2026-04-11,Dawnbreak Studios,15,11,0.7567,1579.05
2026-04-11,Crestline Corp,1,0,0.7794,341.02
2026-04-11,Clearpath Advisors,57,51,0.9353,1168.41
2026-04-11,Cascade Analytics,68,52,0.7912,961.5
2026-04-11,Brighthouse Group,87,68,0.7627,1576.35
2026-04-11,Bridgepoint Co,3,2,0.9094,1144.79
2026-04-11,BluePeak Ventures,87,49,0.7774,463.2
2026-04-11,Arcadia Capital,53,26,0.8952,1512.83
2026-04-11,Apex Solutions,6,3,0.8903,131.55
2026-04-11,Altus Group,82,45,0.7101,169.45
2026-04-10,Zephyr Brands,39,31,0.7139,1019.97
2026-04-10,Yellowstone Holdings,65,43,0.7729,1404.66
2026-04-10,Yellowbrick Data,32,17,0.9413,1506.52
2026-04-10,Xcelerate Corp,22,15,0.8427,1359.06
2026-04-10,Xceed Consulting,385,321,0.985,354.49
2026-04-10,Westmark Corp,26,17,0.8087,311.82
2026-04-10,Wavefront Media,5,2,0.6854,691.11
2026-04-10,Visionary Works,192,89,0.9764,732.31
2026-04-10,Velocity Works,12,5,0.67,380.97
2026-04-10,Uplift Agency,10,6,0.7742,1055.25
2026-04-10,Unified Brands,477,264,0.8339,1210.12
2026-04-10,Trident Analytics,37,29,0.9446,518.6
2026-04-10,Sunstone Ventures,109,92,0.7844,1086.86
2026-04-10,Silverline Agency,221,100,0.909,864.3
2026-04-10,Resonance Media,13,9,0.9301,1186.59
2026-04-10,Radiant Networks,32,17,0.6802,354.01
2026-04-10,Quickset Digital,424,338,0.9439,369.15
2026-04-10,Pinnacle Enterprises,310,163,0.827,424.07
2026-04-10,Paragon Systems,605,277,0.6524,1658.51
2026-04-10,Orbit Consulting,15,7,0.8603,895.79
2026-04-10,Openwave Solutions,16,14,0.9547,1291.11
2026-04-10,NovaStar Group,208,115,0.7238,1300.78
2026-04-10,Nexus Digital,174,93,0.7959,533.51
2026-04-10,Mercer & Co,555,470,0.8514,129.8
2026-04-10,Maverick Labs,7,3,0.9798,249.15
2026-04-10,Luminary Group,103,80,0.6544,803.25
2026-04-10,Landmark Advisory,88,79,0.686,331.04
2026-04-10,Kinetic Partners,10,5,0.7252,861.35
2026-04-10,Keystone Partners,69,48,0.8801,582.94
2026-04-10,Juno Retail,10,4,0.6669,346.1
2026-04-10,Jetstream Labs,49,38,0.8802,798.58
2026-04-10,Ironclad Systems,106,65,0.6675,791.15
2026-04-10,Insightful AI,26,17,0.6967,602.98
2026-04-10,Highline Media,209,190,0.7554,1599.19
2026-04-10,HighGround Tech,38,22,0.9558,612.93
2026-04-10,GrowthEdge Partners,232,191,0.9539,1048.21
2026-04-10,Greenfield Ops,136,103,0.7678,1379.07
2026-04-10,FrontEdge Technologies,26,17,0.8426,927.41
2026-04-10,Forte Solutions,27,13,0.8746,1015.02
2026-04-10,Fairway Technologies,35,31,0.7144,739.27
2026-04-10,Endeavor Inc,80,51,0.9336,285.66
2026-04-10,Elevate Commerce,12,8,0.7722,755.88
2026-04-10,Delta Dynamics,142,129,0.7966,379.25
2026-04-10,Deeproot Analytics,78,48,0.7059,1026.17
2026-04-10,Dawnbreak Studios,9,5,0.8087,1372.46
2026-04-10,Clearpath Advisors,199,159,0.9565,361.17
2026-04-10,Cascade Analytics,257,120,0.7515,729.69
2026-04-10,Brighthouse Group,326,223,0.9852,531.08
2026-04-10,Bridgepoint Co,8,4,0.98,220.93
2026-04-10,BluePeak Ventures,146,110,0.864,563.66
2026-04-10,Arcadia Capital,101,49,0.6717,1570.46
2026-04-10,Apex Solutions,21,13,0.8299,771.16
2026-04-10,Altus Group,121,87,0.8259,1269.15
2026-04-09,Zephyr Brands,46,34,0.7635,854.43
2026-04-09,Yellowstone Holdings,93,82,0.6639,800.88
2026-04-09,Yellowbrick Data,41,25,0.685,900.89
2026-04-09,Xcelerate Corp,11,5,0.9724,766.45
2026-04-09,Xceed Consulting,181,129,0.6776,179.63
2026-04-09,Westmark Corp,23,13,0.6551,750.94
2026-04-09,Wavefront Media,6,2,0.659,1377.14
2026-04-09,Visionary Works,287,242,0.6847,417.63
2026-04-09,Velocity Works,13,6,0.7651,1370.99
2026-04-09,Unified Brands,452,406,0.863,1736.48
2026-04-09,Trident Analytics,31,22,0.8559,930.97
2026-04-09,Sunstone Ventures,79,56,0.6776,931.35
2026-04-09,Silverline Agency,216,168,0.8565,1207.34
2026-04-09,Resonance Media,36,23,0.8628,1619.87
2026-04-09,Radiant Networks,54,26,0.8922,1240.6
2026-04-09,Quickset Digital,386,254,0.7461,158.34
2026-04-09,Pinnacle Enterprises,358,264,0.8328,1078.85
2026-04-09,Paragon Systems,548,331,0.9398,1051.26
2026-04-09,Orbit Consulting,12,10,0.9572,254.27
2026-04-09,Openwave Solutions,4,3,0.8001,1481.71
2026-04-09,NovaStar Group,321,255,0.9399,1240.16
2026-04-09,Nexus Digital,165,139,0.8587,264.35
2026-04-09,Mercer & Co,381,253,0.9582,537.86
2026-04-09,Maverick Labs,6,4,0.9688,1458.75
2026-04-09,Luminary Group,59,49,0.7898,271.43
2026-04-09,Landmark Advisory,155,107,0.6922,865.82
2026-04-09,Kinetic Partners,14,11,0.9894,272.19
2026-04-09,Keystone Partners,55,30,0.8704,1241.44
2026-04-09,Juno Retail,8,7,0.6538,609.72
2026-04-09,Jetstream Labs,91,45,0.8063,1063.25
2026-04-09,Ironclad Systems,111,98,0.8306,1232.56
2026-04-09,Insightful AI,19,8,0.7427,1632.72
2026-04-09,Horizon Advisors,8,4,0.8997,1746.16
2026-04-09,Highline Media,223,129,0.8417,706.7
2026-04-09,HighGround Tech,36,25,0.7905,469.62
2026-04-09,GrowthEdge Partners,250,199,0.8167,925.14
2026-04-09,Greenfield Ops,166,122,0.7241,937.59
2026-04-09,Granite Global,2,1,0.7922,1021.82
2026-04-09,FrontEdge Technologies,24,20,0.686,1101.24
2026-04-09,Forte Solutions,25,20,0.9693,528.83
2026-04-09,Fairway Technologies,64,29,0.7243,217.47
2026-04-09,Endeavor Inc,85,63,0.7382,1175.2
2026-04-09,Elevate Commerce,12,5,0.9006,1010.95
2026-04-09,Delta Dynamics,429,351,0.7306,648.44
2026-04-09,Deeproot Analytics,72,43,0.9376,265.81
2026-04-09,Dawnbreak Studios,18,13,0.9689,547.96
2026-04-09,Crestline Corp,11,6,0.8366,273.4
2026-04-09,Clearpath Advisors,308,264,0.7252,128.73
2026-04-09,Cascade Analytics,306,180,0.8545,1420.96
2026-04-09,Brighthouse Group,195,115,0.9587,1699.83
2026-04-09,BluePeak Ventures,69,58,0.977,340.8
2026-04-09,Arcadia Capital,71,54,0.7294,952.91
2026-04-09,Apex Solutions,18,12,0.9219,474.82
2026-04-09,Altus Group,162,90,0.6731,901.48
2026-04-08,Zephyr Brands,25,15,0.6972,591.44
2026-04-08,Zenith Platforms,5,3,0.8432,1454.26
2026-04-08,Yellowstone Holdings,57,32,0.9365,974.57
2026-04-08,Yellowbrick Data,54,26,0.6601,1339.97
2026-04-08,Xcelerate Corp,19,16,0.6967,851.61
2026-04-08,Xceed Consulting,397,247,0.8032,1429.94
2026-04-08,Westmark Corp,16,12,0.771,502.64
2026-04-08,Visionary Works,314,188,0.6944,1696.09
2026-04-08,Velocity Works,18,9,0.6835,697.12
2026-04-08,Uplift Agency,13,6,0.8444,1251.18
2026-04-08,Unified Brands,378,273,0.9095,866.88
2026-04-08,TrueNorth Strategies,8,5,0.8558,745.78
2026-04-08,Trident Analytics,44,29,0.6923,748.61
2026-04-08,Sunstone Ventures,149,80,0.9685,1595.17
2026-04-08,Silverline Agency,128,107,0.8833,1121.88
2026-04-08,Radiant Networks,39,19,0.8883,506.34
2026-04-08,Quickset Digital,217,108,0.7545,1696.44
2026-04-08,Pinnacle Enterprises,192,169,0.7522,1543.55
2026-04-08,Paragon Systems,470,301,0.7742,1465.51
2026-04-08,Orbit Consulting,14,6,0.848,1234.8
2026-04-08,NovaStar Group,405,300,0.8036,1323.26
2026-04-08,Nexus Digital,127,80,0.7045,945.35
2026-04-08,Mercer & Co,639,548,0.7137,1209.83
2026-04-08,Maverick Labs,5,4,0.9801,1002.15
2026-04-08,Luminary Group,111,77,0.8148,153.33
2026-04-08,Landmark Advisory,111,98,0.8643,1013.94
2026-04-08,Kinetic Partners,13,9,0.8201,1426.8
2026-04-08,Keystone Partners,20,9,0.8468,1436.64
2026-04-08,Jetstream Labs,33,24,0.855,1180.63
2026-04-08,Ironclad Systems,105,88,0.9638,441.61
2026-04-08,Insightful AI,43,37,0.6595,507.39
2026-04-08,Horizon Advisors,8,4,0.7104,1022.15
2026-04-08,Highline Media,117,55,0.7522,1156.53
2026-04-08,HighGround Tech,35,20,0.6567,739.07
2026-04-08,GrowthEdge Partners,267,209,0.946,1273.53
2026-04-08,Greenfield Ops,99,69,0.8194,1223.32
2026-04-08,Granite Global,4,2,0.9183,573.1
2026-04-08,FrontEdge Technologies,27,18,0.8553,245.38
2026-04-08,Forte Solutions,23,15,0.793,566.18
2026-04-08,Fairway Technologies,82,39,0.7973,981.02
2026-04-08,Endeavor Inc,66,47,0.9209,1150.12
2026-04-08,Elevate Commerce,17,7,0.8135,921.93
2026-04-08,Delta Dynamics,302,254,0.6611,1203.34
2026-04-08,Deeproot Analytics,96,74,0.7022,1258.75
2026-04-08,Dawnbreak Studios,14,8,0.6559,1641.02
2026-04-08,Crestline Corp,11,6,0.8461,191.9
2026-04-08,Clearpath Advisors,136,122,0.7119,1640.29
2026-04-08,Cascade Analytics,392,227,0.7953,562.38
2026-04-08,Brighthouse Group,342,263,0.9209,1229.41
2026-04-08,Bridgepoint Co,2,1,0.8697,550.93
2026-04-08,BluePeak Ventures,265,138,0.7862,1234.19
2026-04-08,Arcadia Capital,74,62,0.862,970.19
2026-04-08,Apex Solutions,20,11,0.8666,1707.88
2026-04-08,Altus Group,181,135,0.7194,1302.66
2026-04-07,Zephyr Brands,31,21,0.8872,1229.02
2026-04-07,Zenith Platforms,5,2,0.7159,133.68
2026-04-07,Yellowstone Holdings,24,20,0.9474,1716.24
2026-04-07,Yellowbrick Data,30,14,0.6862,551.53
2026-04-07,Xceed Consulting,323,194,0.7853,1444.35
2026-04-07,Westmark Corp,26,23,0.7731,639.23
2026-04-07,Visionary Works,191,106,0.8786,1412.91
2026-04-07,Uplift Agency,10,5,0.784,1301.73
2026-04-07,Unified Brands,351,267,0.8545,815.94
2026-04-07,TrueNorth Strategies,6,4,0.7019,208.44
2026-04-07,Trident Analytics,27,20,0.8266,1489.29
2026-04-07,Sunstone Ventures,137,77,0.7271,1644.73
2026-04-07,Silverline Agency,333,161,0.7661,440.02
2026-04-07,Resonance Media,29,14,0.9063,477.1
2026-04-07,Radiant Networks,90,60,0.9176,1641.57
2026-04-07,Quickset Digital,320,273,0.9585,947.79
2026-04-07,Pinnacle Enterprises,239,144,0.8679,549.09
2026-04-07,Paragon Systems,646,325,0.6809,691.47
2026-04-07,Orbit Consulting,11,7,0.7223,999.16
2026-04-07,Openwave Solutions,9,6,0.6705,1117.65
2026-04-07,NovaStar Group,199,175,0.6725,612.36
2026-04-07,Nexus Digital,123,78,0.8922,979.93
2026-04-07,Mercer & Co,534,297,0.6774,208.66
2026-04-07,Maverick Labs,4,3,0.9383,1156.67
2026-04-07,Luminary Group,46,38,0.8704,191.3
2026-04-07,Landmark Advisory,21,15,0.731,183.11
2026-04-07,Kinetic Partners,5,3,0.8966,728.37
2026-04-07,Keystone Partners,47,41,0.7958,1582.46
2026-04-07,Juno Retail,10,8,0.7076,1080.15
2026-04-07,Jetstream Labs,41,33,0.9182,457.7
2026-04-07,Ironclad Systems,68,46,0.8867,831.85
2026-04-07,Insightful AI,28,19,0.9071,799.47
2026-04-07,Horizon Advisors,7,4,0.668,1270.48
2026-04-07,Highline Media,143,70,0.9044,108.92
2026-04-07,HighGround Tech,27,22,0.9151,884.01
2026-04-07,GrowthEdge Partners,136,102,0.7,191.98
2026-04-07,Greenfield Ops,73,57,0.9331,1204.39
2026-04-07,FrontEdge Technologies,27,18,0.6752,1312.14
2026-04-07,Forte Solutions,7,6,0.7555,1018.86
2026-04-07,Fairway Technologies,38,34,0.9162,1234.3
2026-04-07,EverBright Inc,3,1,0.9045,293.43
2026-04-07,Endeavor Inc,95,81,0.6841,642.69
2026-04-07,Elevate Commerce,17,10,0.925,122.23
2026-04-07,Delta Dynamics,491,427,0.8725,1314.16
2026-04-07,Deeproot Analytics,96,69,0.9859,895.75
2026-04-07,Dawnbreak Studios,20,16,0.9775,523.05
2026-04-07,Crestline Corp,4,2,0.9494,691.54
2026-04-07,Clearpath Advisors,205,148,0.7154,947.17
2026-04-07,Cascade Analytics,225,155,0.891,1429.41
2026-04-07,Brighthouse Group,298,140,0.9719,848.46
2026-04-07,Bridgepoint Co,11,9,0.8285,728.16
2026-04-07,BluePeak Ventures,144,65,0.686,957.48
2026-04-07,Arcadia Capital,72,60,0.7963,932.49
2026-04-07,Apex Solutions,23,15,0.8573,901.41
2026-04-07,Altus Group,168,113,0.8091,803.87
2026-04-06,Zephyr Brands,34,22,0.6941,1542.37
2026-04-06,Zenith Platforms,4,1,0.9705,844.9
2026-04-06,Yellowstone Holdings,67,46,0.9292,726.78
2026-04-06,Yellowbrick Data,29,23,0.7888,725.2
2026-04-06,Xceed Consulting,329,213,0.909,547.18
2026-04-06,Westmark Corp,27,16,0.8277,1018.07
2026-04-06,Visionary Works,252,135,0.9604,508.15
2026-04-06,Uplift Agency,20,13,0.9548,1336.8
2026-04-06,Unified Brands,203,185,0.7826,813.62
2026-04-06,TrueNorth Strategies,9,5,0.9718,1224.21
2026-04-06,Trident Analytics,28,12,0.7063,561.8
2026-04-06,Sunstone Ventures,95,73,0.7107,1382.27
2026-04-06,Silverline Agency,236,180,0.7691,424.33
2026-04-06,Radiant Networks,59,34,0.7183,115.31
2026-04-06,Quickset Digital,479,325,0.846,666.53
2026-04-06,Quantum Leap Ltd,1,0,0.7503,616.85
2026-04-06,Pinnacle Enterprises,268,181,0.7098,535.85
2026-04-06,Paragon Systems,700,616,0.6676,354.39
2026-04-06,Orbit Consulting,13,8,0.8522,794.86
2026-04-06,Openwave Solutions,18,12,0.732,1103.21
2026-04-06,NovaStar Group,384,252,0.9372,1481.0
2026-04-06,Nexus Digital,176,96,0.6795,685.68
2026-04-06,Mercer & Co,409,268,0.7916,1206.78
2026-04-06,Maverick Labs,6,5,0.7257,543.56
2026-04-06,Luminary Group,139,107,0.8465,1085.88
2026-04-06,Landmark Advisory,205,149,0.6635,1442.76
2026-04-06,Kinetic Partners,7,4,0.8118,472.57
2026-04-06,Keystone Partners,70,57,0.9818,1158.71
2026-04-06,Juno Retail,15,10,0.9818,1035.09
2026-04-06,Jetstream Labs,70,39,0.7165,411.2
2026-04-06,Ironclad Systems,151,100,0.7105,1042.74
2026-04-06,Insightful AI,39,20,0.8765,981.2
2026-04-06,Horizon Advisors,2,0,0.6603,535.34
2026-04-06,Highline Media,82,46,0.9245,1349.9
2026-04-06,HighGround Tech,43,29,0.6837,1493.64
2026-04-06,GrowthEdge Partners,212,174,0.9885,1016.64
2026-04-06,Greenfield Ops,158,129,0.6535,297.12
2026-04-06,FrontEdge Technologies,33,21,0.9031,255.74
2026-04-06,Forte Solutions,20,12,0.884,992.99
2026-04-06,Fairway Technologies,50,23,0.9345,647.52
2026-04-06,EverBright Inc,8,6,0.9169,1276.75
2026-04-06,Endeavor Inc,63,43,0.6527,808.97
2026-04-06,Elevate Commerce,16,10,0.6884,520.98
2026-04-06,Delta Dynamics,400,341,0.7123,1149.93
2026-04-06,Deeproot Analytics,41,19,0.843,830.04
2026-04-06,Dawnbreak Studios,16,9,0.8988,113.71
2026-04-06,Crestline Corp,4,3,0.9083,286.08
2026-04-06,Clearpath Advisors,273,185,0.6876,1629.8
2026-04-06,Cascade Analytics,307,261,0.8386,659.36
2026-04-06,Brighthouse Group,146,122,0.8502,238.26
2026-04-06,Bridgepoint Co,15,9,0.6555,195.94
2026-04-06,BluePeak Ventures,151,99,0.9328,1393.43
2026-04-06,Arcadia Capital,92,69,0.7985,767.41
2026-04-06,Apex Solutions,9,5,0.6661,156.82
2026-04-06,Altus Group,193,92,0.9132,1673.91